Unnamed: 0,letter,xbox,ybox,width,height,onpix,xbar,ybar,x2bar,y2bar,xybar,x2ybar,xy2bar,xedge,xedgeycor,yedge,yedgexcor
407,R,6,9,6,4,4,5,8,3,6,7,4,10,5,7,5,7
907,R,5,10,6,6,3,6,13,9,3,7,2,9,3,7,5,10
1770,R,2,2,3,4,3,7,7,5,6,7,6,7,3,7,5,8
802,B,4,4,5,7,4,7,6,9,7,6,6,7,2,7,9,10
200,B,4,10,3,8,7,7,6,9,6,7,7,7,2,9,8,10
30,P,2,1,3,2,2,6,9,5,5,9,7,4,1,9,4,7
1212,B,4,9,6,6,7,8,8,7,6,7,4,6,2,7,7,10
553,P,5,7,7,5,3,7,11,4,6,13,6,3,1,10,3,8
146,P,5,9,6,7,4,6,10,4,7,10,9,4,0,10,5,7
142,P,4,7,6,5,3,9,8,2,6,13,5,6,2,10,3,9
102,P,7,12,6,7,4,7,10,3,5,13,5,3,3,11,5,6
704,B,4,8,6,5,3,8,8,4,7,10,5,6,2,8,6,10
343,A,9,13,7,7,4,8,2,3,2,8,4,12,5,4,5,6
347,P,5,10,7,8,6,8,9,5,4,12,5,4,2,10,3,8
1182,P,4,8,6,5,5,4,11,4,5,11,9,5,0,10,3,6
361,A,2,4,4,3,2,10,3,2,2,9,2,9,2,7,3,10
1029,B,9,15,5,8,4,9,5,6,6,10,3,9,6,6,7,11
624,A,4,10,7,7,5,7,5,2,3,5,2,6,3,7,4,4
904,R,4,11,6,9,5,7,9,4,7,6,5,7,5,5,6,9
1757,B,4,8,6,6,5,9,7,4,7,10,5,6,2,8,6,10
5,R,2,7,4,4,4,8,6,7,3,8,6,8,4,6,7,8
743,A,1,9,4,6,2,7,4,4,2,6,1,8,2,8,2,8
501,R,2,1,1,1,1,6,9,8,4,7,5,7,2,7,4,11
877,A,8,15,6,8,4,8,3,3,2,8,4,11,7,4,5,8
462,P,2,4,4,3,2,7,11,5,2,11,5,3,1,10,2,9
1941,P,2,6,3,5,3,5,10,7,2,9,6,5,1,10,3,8
1903,B,8,12,6,6,4,10,5,6,5,11,3,9,5,7,6,10
1847,A,2,5,4,3,2,7,3,1,2,6,2,8,3,5,2,8
254,P,4,7,5,5,3,8,8,3,5,13,4,3,1,10,3,9
1806,R,3,6,4,4,3,7,7,4,5,6,5,6,3,7,4,8
955,A,3,8,5,6,2,8,5,2,1,7,0,8,2,7,2,8
814,R,2,5,4,2,2,8,7,3,4,10,4,7,2,6,3,10
899,A,2,6,3,3,2,11,3,2,2,9,2,9,2,7,2,8
1085,P,3,7,5,11,8,8,9,5,0,8,6,6,5,11,6,9
1528,B,1,3,3,2,2,8,7,3,5,9,6,7,2,8,4,8
1261,R,6,11,9,8,8,9,8,4,6,9,3,6,4,6,4,11
204,R,3,4,4,2,3,7,8,5,5,6,4,6,2,7,4,9
1030,B,5,6,7,4,5,8,8,6,4,6,5,6,4,8,6,5
1774,A,2,1,3,1,1,7,3,2,0,7,2,8,3,6,1,8
89,A,4,11,7,8,4,12,4,3,3,9,1,9,3,8,3,9
1391,A,1,6,4,4,2,8,3,2,2,7,2,8,2,6,2,6
281,A,3,3,5,4,1,9,3,3,2,8,2,9,3,6,2,8
221,B,5,7,7,5,5,10,6,3,7,11,3,7,4,6,6,11
1072,P,4,9,5,11,10,8,9,3,0,8,7,6,8,10,6,8
181,B,6,11,8,8,8,9,6,4,5,7,6,7,4,8,6,10
166,P,4,7,6,5,3,5,12,6,2,12,4,2,1,10,3,8
2097,A,3,6,5,4,3,11,2,2,2,9,2,9,3,6,3,8
157,B,4,7,5,5,5,8,6,6,6,6,6,6,2,8,7,9
844,R,3,6,5,4,4,7,9,4,5,8,4,8,3,5,4,11
101,P,3,4,5,4,2,8,9,4,4,11,4,3,1,11,3,8
262,P,2,4,4,3,2,7,8,3,4,12,5,4,1,10,3,8
844,P,5,11,6,8,4,4,11,10,3,9,6,4,2,10,4,8
739,A,2,11,6,8,2,9,6,3,1,8,0,8,2,7,2,8
1202,R,2,4,2,3,2,7,6,5,5,6,5,6,2,7,4,8
243,A,2,1,4,2,1,8,2,2,2,8,1,8,2,6,2,7
749,B,4,9,4,7,4,6,7,9,7,7,6,7,2,8,9,10
686,P,3,6,4,4,2,9,9,3,4,13,4,3,1,10,3,9
616,B,5,7,8,6,9,9,6,4,4,8,6,8,7,9,8,7
293,B,11,15,9,8,9,8,8,4,6,10,5,6,8,3,9,7
1244,R,5,5,6,8,3,6,10,10,4,7,5,9,3,8,6,11
801,A,7,13,7,7,4,12,3,6,2,12,2,10,5,3,4,10
1834,R,3,6,4,4,5,6,8,8,4,7,6,8,2,8,5,11
695,P,1,1,2,1,1,5,11,8,2,9,6,4,1,9,3,8
2010,A,6,9,9,8,8,7,8,2,4,6,7,8,6,5,5,6
877,B,4,9,5,6,7,9,6,4,4,5,7,7,7,9,8,6
1934,P,3,4,5,3,1,7,9,3,4,11,4,2,1,10,2,8
1549,R,7,11,9,8,9,8,9,8,4,8,5,6,5,8,8,12
425,P,6,10,5,5,3,4,13,6,1,12,6,4,3,10,3,8
546,A,3,7,5,5,2,10,2,2,2,9,2,8,2,6,4,8
228,A,1,3,3,2,1,6,3,2,3,5,2,8,1,6,1,7
275,B,1,1,2,2,1,7,7,8,5,7,6,7,2,8,7,9
18,B,2,4,3,3,3,7,8,5,5,7,6,6,2,8,6,9
929,R,4,4,4,6,3,5,9,9,4,7,5,8,3,8,5,10
228,P,5,11,7,8,6,7,7,7,5,8,7,8,2,9,7,9
901,A,2,7,4,6,2,10,3,2,2,9,1,9,2,6,2,8
478,B,4,7,6,5,5,9,7,4,5,9,5,6,2,8,5,9
2046,B,3,7,5,5,7,8,6,5,3,7,6,8,6,10,8,7
914,A,3,5,6,4,3,9,1,2,2,8,1,8,2,6,2,7
552,R,6,10,6,8,3,5,11,9,4,7,4,8,3,6,6,11
59,B,3,6,5,4,2,9,7,3,7,9,6,6,2,8,5,8
1651,A,3,7,5,5,3,11,3,2,2,8,2,9,3,4,2,8
242,R,10,14,8,8,5,8,8,6,5,9,4,9,7,5,6,11
680,R,6,10,7,7,6,8,9,4,5,8,4,8,3,6,6,11
635,R,6,11,7,8,8,6,8,6,6,6,5,7,3,7,5,8
252,P,7,10,10,8,5,6,13,7,2,11,4,2,1,11,4,8
873,R,4,8,7,6,7,9,7,7,3,8,6,8,6,6,6,11
497,P,10,14,8,8,4,9,8,6,5,14,3,5,5,10,4,8
321,R,3,3,4,4,2,5,10,9,4,7,4,8,2,7,6,11
947,R,4,7,4,5,2,6,10,9,4,7,5,8,2,8,5,10
1630,B,9,11,7,6,4,10,4,5,6,11,3,9,6,7,6,11
25,B,4,6,6,4,2,10,7,3,8,11,3,6,1,8,5,10
113,R,3,5,6,4,4,9,7,3,5,9,4,6,3,7,4,10
1769,R,3,5,5,4,3,8,7,3,5,10,4,6,3,8,3,9
1863,A,4,6,6,4,3,7,3,2,2,5,2,7,2,6,2,7
103,A,6,8,9,8,8,8,7,3,5,7,7,7,5,8,4,5
1004,B,3,8,3,6,4,6,6,8,6,7,7,7,2,9,6,9
1424,R,4,6,7,4,5,8,8,7,3,8,4,7,4,6,7,9
769,R,4,5,7,5,7,9,6,5,4,8,5,7,6,8,6,7
1675,B,5,11,8,8,7,9,7,4,6,10,5,6,3,8,6,10
671,A,2,1,4,2,1,8,2,2,2,7,1,8,2,5,2,7
2100,B,3,7,5,5,7,9,8,4,3,6,7,7,4,11,7,7
994,P,4,11,6,9,6,7,9,5,5,9,8,3,2,10,4,6
690,R,5,10,5,7,6,6,7,5,6,6,3,8,3,6,4,8
203,B,4,3,4,5,3,6,7,8,6,7,6,6,2,8,9,9
1663,P,4,8,6,7,4,6,10,5,6,10,8,3,1,10,4,7
540,A,3,7,6,5,4,12,3,2,2,8,2,8,4,5,2,8
1471,R,9,13,7,7,4,9,5,5,6,9,4,9,6,6,7,11
307,P,4,6,5,4,3,8,9,5,5,12,4,3,1,9,4,8
764,A,3,11,6,8,2,8,7,3,1,7,0,8,3,7,2,8
296,A,4,5,6,3,2,9,2,2,2,8,2,10,3,7,2,8
1443,B,4,7,6,5,5,7,8,5,5,9,6,6,2,7,6,7
146,B,5,10,7,8,7,10,6,3,8,9,4,8,3,7,5,10
847,R,1,1,3,1,1,6,9,7,3,7,5,8,2,7,4,11
1575,A,3,8,5,5,2,10,5,3,1,8,1,9,2,7,2,9
95,P,5,8,7,6,4,6,12,7,2,11,5,2,1,10,4,9
143,P,7,11,10,8,5,8,11,6,3,11,4,2,1,11,4,9
1012,B,5,10,6,8,8,8,8,6,6,7,6,6,6,9,6,10
842,P,1,3,3,2,1,6,10,6,2,10,5,3,1,9,3,7
1921,A,2,8,4,5,3,11,2,2,2,9,2,9,2,6,2,7
1379,A,2,7,4,5,3,11,3,2,2,9,2,9,2,6,3,8
1268,P,6,7,8,10,9,6,8,4,4,8,8,6,6,11,6,6
1623,R,1,3,2,1,1,8,8,4,4,9,5,7,2,6,4,8
776,R,2,3,4,2,2,8,8,3,5,9,4,7,2,6,3,10
357,A,4,6,7,7,2,8,6,2,1,7,0,9,3,7,2,7
355,B,5,10,7,8,6,8,8,4,6,7,6,8,7,6,6,9
753,A,1,0,2,1,0,7,4,2,0,7,2,8,2,7,1,8
766,P,2,3,4,2,2,7,9,3,4,12,5,4,0,10,2,8
2007,R,4,8,5,6,3,5,12,8,4,7,3,9,3,7,6,11
883,A,3,9,5,7,4,6,4,2,1,6,1,8,2,6,2,7
232,R,5,10,5,7,7,8,7,7,4,8,5,7,4,7,7,10
1545,A,2,4,3,3,1,11,3,3,2,11,2,9,1,6,2,9
108,P,2,6,3,4,2,3,14,6,2,12,7,3,1,9,3,8
728,P,1,3,3,1,1,7,10,3,3,12,5,4,1,9,2,9
19,A,3,9,6,6,2,8,4,3,2,7,1,8,3,7,3,8
125,R,2,2,3,3,2,7,7,5,5,6,5,6,2,7,5,8
1691,B,3,5,5,3,3,8,8,3,6,10,7,6,2,8,5,8
80,R,1,3,2,2,2,7,7,4,4,7,4,6,2,7,4,8
1667,A,2,1,3,2,1,9,3,2,2,8,2,7,2,6,2,8
2094,A,2,4,4,6,2,7,3,3,3,8,1,8,3,6,3,7
580,A,2,3,3,1,1,8,2,2,1,7,2,8,3,7,2,7
709,A,4,11,6,8,4,12,2,3,3,11,1,9,3,6,3,9
3,R,5,5,6,8,4,6,9,10,5,6,5,9,3,8,6,11
88,P,3,6,5,4,3,7,10,4,4,12,4,3,1,9,3,8
511,B,5,11,5,8,4,6,8,10,7,7,5,7,3,8,9,10
164,P,4,8,4,5,2,3,14,7,1,11,6,4,0,10,4,7
371,P,5,11,6,8,7,6,7,5,4,8,7,8,8,8,6,11
816,B,2,6,3,4,3,6,6,7,5,7,6,7,2,8,6,9
2038,R,3,6,4,4,2,5,10,9,2,7,4,8,2,7,6,11
1618,P,6,11,9,7,6,5,12,4,4,12,6,3,1,10,3,8
938,B,2,0,2,2,1,7,7,8,5,6,6,7,2,8,7,10
898,P,3,7,5,5,3,9,8,2,5,12,4,5,1,10,2,9
713,R,3,8,4,5,3,5,11,8,2,8,4,8,3,7,6,11
1840,P,4,9,6,6,3,7,9,3,4,12,5,4,2,9,2,8
747,A,2,7,2,4,1,7,6,3,1,7,0,8,2,7,1,8
636,A,2,6,5,4,3,5,5,2,2,4,1,7,2,6,3,3
433,A,6,13,6,8,4,12,2,5,1,12,2,10,3,2,3,10
687,A,2,5,4,3,2,8,2,2,2,8,2,8,2,7,2,7
624,B,4,7,4,5,3,6,7,8,7,7,6,7,2,9,9,10
875,R,4,8,6,6,4,7,8,4,6,9,3,8,3,6,4,11
50,B,6,10,8,8,9,7,6,5,6,9,5,8,4,9,7,10
922,R,1,0,2,1,1,6,9,7,3,6,5,7,2,7,4,10
1296,P,2,0,2,1,1,5,10,4,4,10,8,4,1,9,3,7
879,R,5,11,6,8,3,5,10,9,4,7,4,8,3,7,6,11
550,P,3,5,4,4,2,6,10,6,4,9,7,2,1,10,4,6
1186,A,1,3,3,2,1,9,2,3,1,8,2,8,1,6,1,8
1749,B,6,11,4,6,3,10,5,6,5,11,3,9,6,7,7,10
398,P,4,12,4,8,3,4,11,10,3,10,6,3,2,10,4,8
1768,P,7,11,10,9,8,6,7,7,4,8,7,8,2,10,7,9
1967,B,2,1,3,1,2,7,7,4,5,7,6,6,1,8,5,9
78,P,4,8,4,6,2,4,11,9,4,9,6,5,2,10,4,8
247,A,1,0,2,0,0,7,4,2,0,7,3,8,2,7,1,8
1539,A,2,4,4,2,0,11,2,3,2,9,2,9,1,7,2,8
1214,B,4,6,5,4,5,7,6,6,7,6,6,6,3,9,6,10
1253,A,2,4,4,3,2,11,2,4,2,11,1,10,2,6,2,9
1717,P,4,9,5,5,3,3,13,8,1,10,6,3,1,10,4,8
201,B,3,7,4,5,3,5,5,9,7,6,7,7,2,8,8,8
1226,A,3,11,6,8,2,9,5,3,1,8,1,8,2,7,2,8
605,A,2,2,4,3,2,8,3,2,3,8,1,8,2,6,1,7
1756,B,2,1,2,2,2,7,7,5,5,8,6,6,2,8,5,10
144,B,7,12,9,8,8,10,6,3,6,10,3,7,6,7,6,11
378,P,5,10,6,5,4,7,10,4,3,12,5,3,4,11,5,7
798,P,2,1,2,1,1,5,11,7,2,9,6,4,1,9,3,8
820,B,4,8,6,6,6,8,7,4,5,9,5,6,3,8,6,9
924,A,3,8,4,6,4,12,2,4,2,10,2,9,2,6,3,8
1533,B,2,4,3,3,2,8,7,3,5,9,6,6,2,8,5,9
499,R,3,7,4,4,3,9,7,4,6,10,4,6,3,8,4,11
1990,R,7,11,6,6,4,8,8,5,5,9,4,9,7,6,6,11
785,B,1,3,2,2,2,7,8,5,5,7,5,6,2,8,5,9
2032,A,3,9,6,6,3,12,2,1,2,10,2,9,2,6,2,8
1232,B,4,10,5,8,4,6,6,10,7,6,7,8,2,8,9,9
2147,R,6,9,9,8,9,7,7,4,4,7,4,8,8,7,7,8
466,R,4,10,5,7,3,5,9,10,5,7,5,8,3,8,6,10
554,P,3,7,4,5,3,4,12,4,5,11,9,3,0,9,4,7
669,R,4,11,4,8,3,7,9,10,5,7,6,8,3,8,6,11
1764,B,7,11,9,8,7,10,6,4,7,10,4,7,3,8,6,11
2035,P,3,6,4,5,2,4,13,8,0,10,6,3,0,10,4,8
110,P,2,0,1,1,0,5,11,7,2,9,6,4,1,9,3,8
1189,A,2,1,4,3,2,6,2,2,2,5,2,7,2,6,2,6
1726,P,5,7,7,5,3,7,11,3,6,14,5,2,0,10,2,8
150,B,9,13,7,8,5,6,8,5,8,10,6,8,6,6,7,9
1995,R,3,5,5,3,3,9,6,3,5,10,4,7,3,6,4,9
646,B,1,3,3,2,2,7,8,2,5,10,5,6,2,8,4,8
71,P,0,0,1,0,0,5,9,6,1,9,6,6,2,9,2,8
13,P,4,6,4,8,3,5,10,10,5,8,6,5,2,10,4,8
984,B,6,6,6,8,6,7,6,9,7,6,6,7,3,8,10,10
903,P,0,3,3,1,1,7,9,4,3,11,5,4,1,9,1,8
1383,R,6,9,6,4,4,8,7,3,5,9,4,8,6,7,6,8
1249,R,4,5,5,7,4,5,10,9,3,7,4,8,2,7,6,11
1659,P,7,10,7,5,3,8,9,5,4,11,4,5,4,9,5,8
730,A,2,7,6,5,3,6,4,2,1,4,2,7,2,5,2,6
932,A,1,1,2,1,1,7,3,2,0,7,2,8,2,6,1,8
337,P,8,11,8,6,6,9,8,4,4,12,4,4,5,10,6,7
0,A,3,2,6,4,2,10,1,2,2,9,1,8,2,6,2,8
518,A,3,9,5,7,3,12,3,4,3,10,1,9,2,7,3,9
391,P,6,9,5,5,2,7,8,5,3,12,4,6,6,9,4,8
127,R,4,7,4,5,4,5,10,7,3,7,4,9,2,7,5,11
395,R,5,11,7,8,7,9,8,4,5,9,4,7,3,7,4,11
2176,P,5,8,7,10,10,7,8,4,3,7,7,7,6,11,5,6
905,A,4,8,6,6,4,8,6,2,4,6,2,6,2,7,2,6
67,B,3,7,4,5,3,9,8,4,6,10,5,6,2,7,6,9
45,B,5,9,8,8,9,7,7,4,4,6,6,9,7,9,9,6
199,P,4,10,5,8,4,5,11,3,7,11,9,4,0,10,4,7
23,A,3,5,5,3,2,9,2,1,2,8,2,9,3,6,2,8
1370,B,5,9,7,7,10,9,8,4,4,6,8,6,6,11,8,7
946,R,5,5,5,6,3,5,12,8,3,7,2,9,3,7,6,11
199,A,4,8,7,6,5,6,5,2,3,5,2,6,2,6,3,4
1721,A,2,1,3,1,1,7,4,2,0,7,2,8,2,6,2,8
1422,P,5,10,4,7,4,4,12,6,5,12,9,3,1,10,3,6
1992,R,6,8,9,7,9,7,8,3,4,7,5,8,8,7,6,7
708,B,6,10,8,8,7,7,7,6,6,9,7,6,3,8,8,9
1009,R,10,15,9,8,5,7,7,5,5,9,5,9,7,4,7,11
1628,B,5,9,7,8,7,8,8,3,6,10,5,6,3,7,6,8
2143,P,1,3,3,1,1,6,10,3,3,12,6,4,0,9,2,8
147,B,3,10,4,8,5,6,7,8,5,7,6,7,2,8,7,9
1229,B,2,6,3,4,2,6,7,9,6,7,6,7,2,8,8,10
1310,B,5,10,7,8,8,8,7,5,7,7,6,5,2,8,6,10
1801,R,3,6,5,4,5,9,7,3,5,10,3,7,3,7,3,10
866,P,4,5,4,7,2,3,13,8,1,11,6,3,1,10,4,8
1431,P,4,8,6,6,4,6,7,6,4,7,6,9,5,8,6,10
58,A,4,6,5,4,5,8,8,3,5,7,8,7,5,10,4,6
1889,R,4,9,5,7,7,7,8,3,4,7,6,8,6,9,7,5
637,B,3,6,4,4,4,7,7,4,6,7,6,6,2,8,5,10
1858,P,4,11,5,8,4,5,11,8,4,9,7,3,2,10,4,7
8,B,3,7,5,5,5,7,8,7,6,7,5,7,3,7,6,10
1750,B,5,10,7,7,6,7,8,6,8,7,6,6,7,8,6,10
774,R,3,1,3,2,2,6,8,5,5,6,6,7,2,6,4,8
1735,P,5,9,6,6,3,5,12,9,2,9,5,4,1,10,4,8
835,B,3,4,5,3,3,6,8,3,5,10,6,6,2,9,6,9
1,P,1,0,2,0,0,5,11,6,1,9,6,5,1,9,3,8
878,P,7,11,10,8,6,9,9,4,6,12,3,3,2,10,4,9
1638,R,4,8,7,6,7,5,6,4,4,7,5,9,8,11,7,6
154,A,2,3,3,1,1,8,2,2,1,7,1,8,2,6,2,7
248,A,3,4,3,3,1,10,2,3,2,10,2,10,2,6,2,8
292,R,4,7,5,6,5,7,8,5,6,6,3,8,3,6,5,9
1991,R,4,9,6,7,5,10,7,3,6,11,3,7,2,5,4,10
596,P,5,11,5,8,4,3,13,7,1,11,6,3,0,10,3,8
665,A,3,9,6,7,4,12,3,2,2,9,2,9,2,6,2,8
1687,P,3,4,6,2,2,9,10,5,3,11,4,3,1,10,2,7
98,A,4,9,6,8,4,12,2,3,2,10,2,9,2,7,3,8
558,R,5,7,6,5,6,8,9,7,3,8,4,6,5,7,7,9
53,A,3,7,5,5,4,8,2,2,2,7,2,7,2,6,3,6
1846,A,3,6,5,4,3,8,2,2,3,7,2,8,1,6,2,7
1285,B,7,11,9,8,7,8,6,4,7,10,5,6,3,8,6,10
2127,R,2,4,3,3,3,8,8,6,5,7,5,7,2,6,4,8
165,R,4,9,6,6,6,7,8,5,5,8,5,7,3,7,5,9
1071,R,4,8,5,6,3,6,13,8,4,6,2,9,3,7,6,10
1752,P,3,7,3,4,2,3,12,8,2,10,6,4,1,10,3,8
41,B,3,3,3,6,3,6,6,9,6,6,6,7,2,8,9,10
1491,A,4,4,6,7,2,9,4,3,3,8,2,9,3,6,3,9
509,P,4,8,7,11,10,9,8,4,3,6,9,7,7,10,6,4
711,B,3,8,4,6,5,9,7,4,5,10,5,7,2,8,5,9
2031,P,3,9,4,6,3,4,10,8,2,10,6,4,1,10,3,8
2148,A,3,10,7,8,4,14,3,4,3,12,0,8,2,6,2,9
2102,A,6,8,8,7,7,6,7,7,5,7,4,9,4,7,12,2
1335,A,3,2,5,3,2,6,2,2,1,5,2,8,2,7,3,6
726,A,4,10,7,7,2,7,5,3,1,7,1,8,3,7,2,7
138,B,5,8,7,6,6,10,6,3,6,10,4,7,3,8,5,10
270,R,4,10,5,6,3,5,10,9,4,7,4,8,3,7,6,11
316,R,12,15,9,8,5,9,6,6,5,10,2,8,7,5,6,11
541,P,3,1,4,3,2,5,10,3,5,9,8,4,3,10,3,7
1437,B,4,8,6,6,7,7,8,6,4,7,5,6,4,7,6,6
732,A,3,8,6,6,4,10,5,1,4,8,2,6,2,7,4,8
863,A,3,6,5,8,2,7,6,3,1,6,0,8,2,7,1,8
187,R,4,9,4,5,3,9,7,3,5,9,3,8,5,7,6,8
1893,P,4,7,5,6,4,6,9,6,5,9,7,4,3,10,3,7
1734,P,5,10,6,7,3,4,12,9,2,10,6,4,1,10,4,7
438,R,3,5,5,2,3,8,8,3,5,10,5,7,3,6,4,10
539,R,8,12,8,6,6,7,8,3,6,9,3,8,6,6,6,6
1677,B,2,5,4,4,3,8,7,3,5,10,5,6,2,8,4,9
264,B,2,3,3,2,2,8,7,2,5,11,5,6,2,7,4,9
9,R,5,9,7,6,7,9,7,6,3,8,5,6,5,6,7,9
259,R,8,14,8,8,6,8,8,3,5,9,4,8,6,6,7,7
329,A,8,13,7,7,4,11,4,3,2,7,4,10,5,5,4,9
821,A,4,9,6,8,6,6,8,1,6,7,8,9,5,11,2,7
965,A,3,5,5,4,2,10,2,2,2,9,3,9,2,6,1,8
1342,B,5,4,5,6,4,7,9,9,8,7,5,7,2,8,9,9
211,A,0,3,2,1,1,11,3,3,2,10,2,9,1,6,1,8
1479,B,4,9,4,7,4,7,8,10,7,7,6,7,2,8,9,9
650,A,3,8,6,5,3,11,2,2,3,9,2,9,3,5,3,8
1489,A,3,8,5,5,2,9,6,3,1,8,0,8,2,7,1,8
881,P,4,10,5,7,2,3,13,8,2,11,7,3,1,10,4,8
593,R,4,9,6,7,4,10,7,3,6,11,2,7,3,6,3,9
130,P,6,11,9,8,4,8,10,7,5,10,4,3,3,10,4,8
99,A,2,1,3,1,1,7,4,2,1,7,2,9,2,7,1,6
342,B,4,7,6,6,5,10,6,3,6,10,4,8,3,8,5,11
759,B,3,2,4,4,4,7,7,5,6,7,6,7,2,8,6,10
1790,P,4,7,5,5,4,5,11,3,6,10,9,6,4,10,3,8
2177,B,2,1,2,1,2,7,7,7,5,6,6,7,0,8,7,8
1011,B,4,8,4,7,3,6,7,9,7,7,6,7,2,8,9,10
2180,B,2,4,2,3,2,7,7,5,4,6,6,6,2,8,5,9
2023,R,4,9,5,5,2,5,12,8,4,7,2,9,3,7,6,11
890,P,6,9,7,7,7,7,7,7,5,9,7,8,3,9,7,9
872,R,5,9,5,7,7,5,10,7,4,6,4,9,2,7,5,11
33,R,5,9,5,7,5,6,8,8,4,6,5,7,3,8,6,13
54,A,2,0,3,1,0,7,4,2,0,6,2,8,2,7,0,8
832,R,6,10,8,8,5,7,9,5,8,5,4,10,5,3,7,9
1181,A,6,9,6,5,3,12,3,5,2,12,3,10,5,3,3,10
810,P,8,12,6,7,2,8,8,5,4,12,4,7,5,9,4,8
10,R,4,9,5,7,5,7,7,5,6,6,5,7,3,7,6,8
472,B,8,13,8,7,7,7,7,4,5,9,5,8,8,4,9,7
816,R,4,7,4,4,2,5,11,8,3,7,4,8,2,7,6,11
772,A,10,14,8,8,4,11,1,3,0,10,4,11,3,4,3,10
772,B,3,6,4,4,3,6,6,8,6,5,6,7,2,8,9,10
1142,B,4,2,5,4,4,7,7,5,6,7,6,6,2,8,7,10
1242,R,6,8,9,7,9,9,6,4,4,8,5,7,7,9,7,7
1100,P,4,8,4,5,2,5,10,9,5,9,6,5,2,10,4,8
150,R,5,8,7,6,6,8,8,7,3,7,4,5,5,7,7,8
556,A,6,12,6,6,3,14,1,5,2,12,2,10,1,3,2,10
737,P,6,10,7,9,6,7,10,5,4,12,5,3,1,10,3,8
1857,A,3,10,6,7,2,7,2,3,3,7,1,8,3,6,3,7
723,P,3,6,4,4,2,5,11,9,3,9,6,5,1,10,4,8
224,B,4,7,5,4,4,9,9,3,5,10,5,5,3,8,6,9
18,A,2,3,4,2,1,6,2,2,2,5,2,8,2,6,2,6
1670,A,3,4,5,3,2,10,2,3,2,9,3,9,2,6,2,8
187,A,7,10,9,8,9,8,6,7,4,7,6,9,6,8,8,2
180,A,5,8,9,6,6,6,5,2,4,6,1,6,5,7,4,6
1432,P,4,7,6,10,10,8,9,5,0,8,7,6,5,11,6,10
157,P,12,13,8,8,3,7,9,6,4,12,3,4,5,10,5,8
2170,B,5,6,6,8,5,7,6,9,8,6,7,7,3,8,10,10
444,P,2,6,2,4,1,3,13,5,1,11,7,4,0,9,2,7
1338,A,4,9,6,6,2,7,4,3,2,7,1,8,3,7,2,8
2034,P,4,5,4,8,2,3,13,8,2,11,7,3,1,10,4,8
1276,B,5,7,7,5,5,8,6,6,7,9,8,6,3,8,9,7
1378,A,2,5,4,3,2,11,2,2,2,9,2,9,2,6,2,8
920,A,4,9,6,6,2,9,5,3,1,8,1,8,2,6,2,8
116,P,6,10,9,8,7,5,8,8,5,8,7,9,3,9,8,9
931,A,8,14,8,8,6,9,4,5,4,10,6,12,9,2,7,11
1332,R,6,9,6,4,4,6,8,3,5,7,4,10,5,8,6,8
1602,P,6,6,8,10,9,7,9,4,2,7,8,7,6,11,6,5
599,R,3,3,3,4,2,5,10,9,4,6,4,8,3,7,5,11
889,B,4,7,5,5,4,9,7,5,8,7,6,5,2,8,7,9
1699,A,4,5,6,4,4,8,8,3,4,6,7,7,6,8,4,4
786,B,3,5,3,5,3,7,7,5,5,6,6,6,2,8,6,10
1970,B,4,6,5,4,4,7,9,5,6,10,6,6,2,8,5,8
757,A,3,6,5,8,2,8,6,3,1,7,0,8,3,7,1,8
43,P,3,4,4,4,2,4,13,8,1,11,6,3,1,10,4,8
2151,A,5,9,6,7,7,8,8,8,4,6,6,8,3,9,8,4
2169,A,7,11,6,6,3,11,2,3,2,10,4,11,4,4,4,9
1537,B,1,0,1,1,1,7,7,7,4,6,6,7,1,8,6,9
2004,R,4,7,6,6,6,6,7,5,6,8,6,7,3,7,5,9
72,A,3,7,5,5,3,11,3,2,2,9,1,9,3,5,2,8
897,R,2,4,3,2,2,7,8,5,4,6,6,6,2,7,4,8
452,A,3,9,5,7,4,11,4,1,2,8,3,9,4,5,3,8
1101,P,8,11,6,6,3,9,7,6,4,13,3,6,5,9,4,8
1775,R,4,5,5,4,4,8,8,4,5,9,5,7,3,6,4,10
1116,P,9,14,7,7,3,8,8,7,4,14,3,5,5,9,4,7
1074,P,4,7,5,6,3,5,12,5,5,11,9,3,0,9,4,6
1476,B,4,6,4,4,3,6,7,8,6,7,6,6,2,8,9,10
617,R,2,4,4,3,2,9,7,3,4,9,4,7,2,7,3,10
415,B,4,10,6,8,6,8,7,4,7,5,6,6,6,8,6,10
1799,R,4,7,5,5,3,6,10,9,5,7,5,8,2,8,5,10
1550,P,4,7,6,5,4,6,12,5,3,12,5,1,1,10,3,8
963,A,2,7,4,4,1,7,6,3,1,6,0,8,2,6,1,8
348,P,2,1,2,1,1,5,10,7,2,9,6,4,1,9,3,9
1327,R,4,5,5,4,3,9,7,4,5,9,4,7,3,7,4,10
416,A,4,4,6,6,2,6,8,3,0,6,0,8,2,7,1,7
144,B,3,7,5,6,7,7,7,5,4,7,6,7,6,9,7,7
1041,R,5,11,6,8,7,5,9,8,3,7,5,8,2,8,5,11
512,P,3,3,5,2,2,7,10,3,4,11,4,3,1,10,3,8
726,R,4,4,5,5,3,5,12,8,5,6,3,9,3,7,6,11
1076,A,5,12,5,6,5,11,2,4,2,11,4,11,5,5,5,10
28,R,4,8,7,7,8,9,8,4,4,7,4,8,6,7,6,4
1348,B,4,8,6,7,5,8,7,6,6,9,6,6,3,8,7,8
1569,P,4,7,5,5,5,6,10,5,5,10,8,3,0,10,4,5
574,P,2,1,3,1,1,5,11,8,2,9,5,4,1,9,3,8
1213,A,2,4,4,2,2,9,2,2,2,9,2,8,2,6,2,8
1311,R,1,0,2,1,1,5,9,7,3,7,5,7,2,7,4,10
27,A,2,7,4,4,2,8,3,2,2,7,1,8,2,7,3,7
208,B,4,7,6,6,5,8,7,5,6,9,6,6,2,9,7,8
141,R,2,4,4,3,3,8,7,5,4,8,5,7,3,7,4,11
1027,P,4,9,4,5,2,3,14,7,1,12,7,3,0,10,4,8
880,P,5,5,6,7,3,4,12,9,2,10,6,4,1,10,4,8
783,P,5,9,7,7,4,9,7,3,6,13,4,5,5,10,5,10
759,B,5,9,7,7,6,7,9,5,6,10,6,6,3,8,7,8
136,A,3,2,4,4,1,7,6,3,0,7,0,8,2,7,1,7
2083,B,0,0,1,0,1,7,8,6,4,7,6,8,1,8,6,8
1219,P,6,9,5,4,2,6,10,6,3,11,5,5,5,9,4,8
1337,R,5,9,6,5,4,9,7,5,6,10,2,6,5,5,5,6
288,R,6,11,9,8,7,7,8,5,7,7,5,6,3,6,6,9
1865,A,4,11,6,8,4,13,3,3,3,9,1,9,2,6,3,8
1461,A,3,10,5,7,2,8,6,3,1,7,0,8,3,7,1,8
515,P,5,10,8,8,5,8,9,5,5,12,4,3,2,10,4,8
1829,R,2,1,3,2,1,7,8,4,5,6,5,7,2,7,4,9
2074,P,8,14,7,8,4,5,10,6,3,12,5,4,4,10,4,8
755,R,3,9,4,6,4,5,10,8,3,7,4,8,3,7,6,11
392,A,9,13,9,8,4,10,0,3,2,10,4,12,3,5,4,8
610,A,4,8,8,6,4,9,5,2,5,9,1,6,2,6,3,8
865,B,5,10,8,7,8,9,6,3,6,9,5,7,2,8,6,10
894,B,4,6,4,8,4,6,7,10,7,7,6,7,3,8,9,10
1482,A,3,2,5,4,2,8,2,2,2,7,3,8,2,8,2,7
1434,B,2,4,4,2,3,9,7,2,6,11,5,7,4,7,5,9
220,B,1,3,1,2,2,8,6,2,4,10,5,7,2,8,2,9
714,R,3,7,4,5,4,7,8,5,6,6,5,6,3,7,5,8
308,A,2,6,3,4,2,13,4,3,2,10,1,10,2,6,0,8
760,A,3,8,5,6,3,9,3,2,4,9,1,9,2,6,2,8
895,A,1,1,2,1,0,7,4,2,0,7,1,8,2,7,1,8
327,A,6,11,5,5,3,9,4,3,3,7,4,11,5,5,5,7
2024,A,3,10,5,7,3,11,3,2,2,9,2,10,3,7,3,8
1684,A,5,11,7,7,4,8,4,2,3,7,1,8,2,7,3,7
1900,B,4,10,4,8,4,6,6,9,6,5,6,7,2,8,9,11
2059,A,3,6,5,4,3,8,5,2,4,8,2,5,2,6,2,7
735,P,1,7,3,4,1,3,13,8,2,12,7,3,0,10,2,8
676,A,3,4,5,3,2,8,2,2,2,7,2,8,2,6,3,7
1091,P,2,5,3,3,2,4,10,3,4,9,8,4,0,10,3,7
627,P,5,7,5,5,3,7,10,6,4,11,5,4,1,10,3,8
1159,B,10,14,9,8,8,9,7,4,5,9,6,8,8,8,10,8
62,R,6,12,7,8,5,9,8,4,6,10,3,7,2,7,4,11
1657,R,6,9,5,4,3,10,6,5,5,10,2,8,6,6,3,9
478,P,4,6,6,4,2,7,10,3,4,13,6,3,1,11,2,9
1223,B,2,3,4,1,2,9,7,2,5,11,5,7,2,8,4,9
507,P,6,11,9,8,7,9,8,3,5,13,5,5,3,9,4,9
623,P,8,9,6,5,3,7,10,6,5,14,5,4,4,10,4,7
1066,P,3,9,5,7,5,5,7,6,4,8,7,9,3,9,7,10
2054,R,4,9,6,8,6,7,6,4,5,6,5,7,3,7,5,9
1915,A,3,6,5,8,2,7,5,3,1,7,0,8,3,7,2,8
1797,R,3,10,4,7,3,6,9,10,5,7,5,8,3,7,5,11
1008,A,2,8,4,5,1,8,6,3,1,7,0,8,2,7,1,8
92,P,6,9,6,4,4,8,9,5,3,10,4,5,5,10,5,6
245,R,5,9,6,5,5,9,7,4,6,9,4,7,4,7,5,10
322,R,2,5,4,3,3,9,7,4,5,9,4,7,3,7,4,9
700,B,4,11,5,6,5,8,7,3,4,9,6,7,6,7,9,7
653,R,1,1,2,1,1,6,9,6,3,7,5,8,2,7,4,10
408,P,4,6,5,4,4,7,5,6,5,7,6,9,6,7,4,8
2041,P,2,4,5,2,2,8,9,3,5,13,4,3,1,10,3,8
123,P,5,10,7,8,6,5,10,4,5,11,9,4,1,10,4,7
106,R,4,8,6,6,7,9,9,3,5,5,7,8,7,9,7,7
256,R,8,10,6,5,3,10,5,5,5,9,3,9,6,6,6,11
71,B,4,8,5,5,5,8,9,4,6,10,5,5,2,8,7,9
164,A,3,5,6,4,2,8,2,1,2,8,1,8,2,7,2,7
399,P,7,10,6,4,3,5,11,4,2,13,5,4,4,9,4,8
131,R,3,4,4,3,1,9,7,2,6,10,3,6,2,7,4,10
837,R,2,2,4,4,3,7,7,5,5,6,5,6,3,7,4,8
206,R,4,11,7,8,6,7,9,5,7,6,5,7,2,6,5,9
111,P,11,15,9,8,4,7,9,6,5,14,3,4,5,10,4,8
725,A,3,7,5,4,2,7,4,3,1,6,2,8,3,6,2,7
801,R,1,0,2,1,0,6,9,7,3,7,5,8,2,7,4,12
2164,P,8,15,8,8,4,6,10,6,4,14,5,4,4,10,4,8
681,A,2,1,3,1,1,7,3,1,0,7,2,8,3,6,1,8
846,B,7,10,9,8,8,10,6,3,7,10,3,7,5,7,6,11
121,R,5,10,8,8,9,6,7,3,4,6,7,9,7,11,9,5
1477,B,4,9,6,6,6,7,8,6,4,6,4,6,4,8,6,6
1351,P,2,3,3,2,2,6,10,6,2,11,5,4,0,9,2,9
34,P,2,7,4,6,3,4,10,5,4,11,8,4,1,10,3,7
495,R,4,8,4,5,4,6,8,9,4,7,5,8,2,7,5,11
825,R,2,1,3,2,3,7,8,4,5,7,5,6,6,6,3,8
2095,P,3,5,4,4,3,5,10,4,4,11,8,4,1,10,3,7
1112,P,2,3,5,2,2,7,10,3,5,12,4,3,1,10,2,8
366,A,3,9,5,7,3,12,3,4,3,11,1,9,2,6,3,9
1046,B,7,11,9,8,7,10,6,4,7,9,4,7,2,7,6,12
1709,A,3,5,6,3,3,11,1,2,2,10,2,9,2,7,3,9
1733,R,4,11,7,8,5,11,6,3,7,11,1,5,6,7,4,10
289,R,3,8,4,5,2,5,11,8,3,7,3,8,3,7,6,11
123,B,3,7,4,5,3,6,7,8,6,7,6,7,2,8,8,10
1523,P,2,4,3,3,2,5,10,4,4,10,8,3,1,11,3,6
54,R,4,10,5,7,3,4,12,9,4,7,2,9,3,7,6,11
1075,A,3,7,3,5,2,9,3,3,2,9,1,8,2,6,2,7
1402,B,5,11,6,8,5,6,8,9,8,7,5,7,2,9,9,10
382,B,3,2,4,3,3,8,7,5,6,8,7,5,5,8,5,10
1745,P,2,4,2,2,2,5,10,4,4,10,8,4,1,10,3,7
902,P,2,2,3,2,2,5,9,4,4,9,7,4,1,10,2,7
697,R,3,10,4,7,3,6,9,11,5,7,5,8,3,8,5,10
855,A,8,15,6,8,4,8,3,3,2,7,4,11,5,6,4,7
774,A,2,7,4,4,2,7,4,3,2,6,1,8,3,6,2,7
546,R,3,6,5,5,5,6,7,5,5,6,5,8,3,6,4,8
1016,B,5,11,7,9,7,8,7,7,7,7,6,5,3,8,8,10
829,P,6,7,8,9,10,9,9,3,2,6,8,7,6,10,6,4
1944,R,9,13,8,7,5,7,7,5,5,10,3,9,7,6,7,11
1094,P,4,10,5,8,5,4,10,4,5,11,9,5,1,10,3,7
1646,P,2,1,2,1,1,5,11,7,1,8,6,4,1,9,3,8
271,A,1,2,3,2,1,6,2,2,1,6,3,7,1,6,1,6
1001,R,3,7,5,5,5,5,8,3,4,6,5,9,4,7,6,5
920,B,4,5,5,8,4,6,7,10,7,7,6,7,2,8,9,9
576,A,4,7,6,6,4,8,3,2,2,6,1,7,2,6,2,7
1277,A,6,10,6,6,3,12,0,4,1,11,4,12,4,4,3,11
1743,P,7,10,9,8,7,6,11,5,4,12,5,3,1,10,4,9
1486,B,4,10,6,8,6,9,7,3,5,10,4,6,2,8,5,9
202,R,3,7,3,5,3,6,10,7,3,7,5,8,2,7,5,11
600,A,3,7,5,5,4,8,5,2,3,7,2,6,2,5,3,7
1123,B,1,1,1,1,1,7,7,7,6,6,6,7,1,8,6,9
803,P,4,5,7,7,6,8,10,2,3,8,9,5,6,10,5,5
210,R,3,4,4,5,2,6,10,9,4,7,4,8,2,6,5,9
851,P,1,1,2,1,1,5,10,7,2,10,6,4,1,9,3,8
1503,P,3,9,3,5,2,3,14,7,2,12,7,3,0,10,3,8
2069,P,4,9,4,6,4,4,12,7,1,10,6,4,1,10,3,8
224,A,2,4,4,4,1,8,2,3,2,7,2,8,2,6,2,7
399,A,4,10,6,8,3,10,3,2,4,9,1,8,2,8,4,9
623,P,4,9,4,7,4,5,10,9,3,9,6,5,0,10,3,8
1095,P,5,9,7,6,5,8,8,3,5,13,5,5,3,9,3,8
2096,A,3,2,7,4,3,8,1,1,2,7,2,8,2,7,3,7
800,P,3,4,4,5,2,4,13,8,2,11,6,3,1,10,4,8
508,P,6,12,5,6,4,9,8,4,3,12,4,4,4,11,5,6
137,R,3,7,5,5,5,6,7,3,3,6,6,9,5,9,7,5
1835,R,4,7,4,4,4,6,10,7,2,7,4,9,1,7,5,11
101,P,3,5,6,4,3,7,10,4,3,12,4,3,2,10,2,8
653,R,5,8,5,6,4,8,8,5,7,6,4,7,3,6,5,8
1448,R,6,10,5,6,3,7,6,5,4,9,4,9,6,5,6,11
236,A,3,8,5,6,3,9,2,2,4,8,2,8,2,6,3,7
342,R,5,11,7,8,7,9,8,3,5,10,4,7,5,5,4,10
214,P,4,6,5,9,8,8,9,4,1,7,7,6,5,10,6,7
1292,R,6,9,8,7,8,8,6,7,3,8,5,6,4,6,7,10
370,A,3,7,4,4,3,12,3,2,2,10,2,9,2,6,3,8
1980,B,5,8,7,5,5,8,6,6,6,9,6,7,3,9,6,11
1901,A,3,5,4,4,2,8,2,2,2,7,2,8,2,6,3,7
487,B,4,8,6,6,8,8,7,5,3,7,7,6,6,11,8,9
675,B,5,9,6,7,6,6,8,9,8,7,5,7,2,8,9,9
1411,A,4,9,6,6,2,8,4,3,2,7,2,8,3,6,3,8
683,P,3,2,4,3,3,6,9,4,4,9,7,4,1,10,4,7
655,A,3,7,5,5,3,10,5,1,2,8,3,10,2,4,2,7
676,A,6,8,8,7,7,6,7,3,5,7,8,10,8,11,4,7
1836,R,5,11,7,9,5,8,9,5,6,8,4,9,4,6,6,11
480,A,3,4,5,3,2,10,2,2,1,9,2,9,2,6,2,8
1949,B,6,9,5,6,5,8,8,3,5,9,5,7,6,5,7,6
1704,B,5,11,5,8,4,6,8,11,7,7,5,7,2,8,9,9
1515,R,2,3,3,2,2,8,8,4,5,8,5,7,2,7,4,10
1177,B,6,11,8,8,7,9,7,4,7,10,4,6,3,8,6,10
491,A,3,6,5,4,2,11,3,2,2,9,2,9,2,6,3,9
467,A,2,1,4,2,3,7,2,2,2,7,2,8,2,7,3,7
857,R,8,10,6,6,4,6,8,5,5,9,6,9,8,6,7,11
1693,R,3,8,3,5,2,6,10,9,4,7,4,8,3,7,5,11
227,R,4,3,4,4,2,6,9,8,4,6,5,8,2,8,5,10
672,A,5,7,6,5,3,10,1,3,3,9,2,8,3,6,4,9
1162,B,7,9,9,9,7,9,7,4,7,10,5,6,2,8,6,10
591,R,4,10,5,7,3,4,11,8,4,7,3,9,3,7,6,11
234,B,6,9,8,6,7,9,8,3,6,10,6,5,3,7,5,8
1781,B,4,9,4,4,3,9,6,3,4,9,5,9,6,8,7,9
571,B,2,3,4,2,2,6,7,3,5,11,6,6,2,8,5,8
11,R,4,8,6,6,5,10,7,1,5,11,2,7,3,7,3,10
615,P,3,7,3,4,2,4,10,9,3,9,6,5,2,10,3,8
744,R,10,15,8,8,5,9,7,7,5,10,2,9,7,5,6,10
1825,A,3,6,5,4,2,10,3,2,2,8,3,10,2,6,2,7
1849,P,4,10,6,7,4,4,10,7,4,10,7,3,1,10,4,7
1558,A,7,11,5,6,3,10,1,3,0,10,4,12,3,4,4,8
276,A,1,3,2,2,1,9,3,2,1,8,2,10,1,6,1,7
421,B,6,11,8,8,11,8,6,5,4,7,7,7,9,11,11,11
1319,A,2,3,4,1,1,10,2,3,1,9,2,9,1,6,2,8
142,R,1,0,2,1,1,6,10,7,2,7,5,8,2,7,4,10
851,R,1,0,2,1,1,6,9,7,3,7,5,7,3,7,5,11
358,A,2,8,4,4,1,8,4,3,2,7,2,8,3,6,2,8
926,A,4,9,6,7,4,12,2,4,4,10,2,9,2,7,3,8
651,P,2,6,4,9,8,8,9,4,0,8,7,7,5,9,4,7
903,B,8,12,6,6,4,8,6,5,5,11,4,10,6,6,7,11
819,B,2,3,4,2,2,8,7,3,5,10,6,6,2,8,4,9
265,A,6,10,6,5,4,11,3,6,2,12,1,10,4,3,3,10
1722,B,4,9,4,8,6,7,9,8,5,7,5,7,2,7,7,10
77,B,4,11,4,8,6,6,6,9,6,7,8,7,2,9,7,9
148,A,5,10,7,9,5,11,3,1,2,8,2,9,6,4,3,8
59,P,2,1,3,2,3,5,10,4,4,9,7,4,1,9,3,7
85,A,1,1,2,1,0,7,5,3,0,7,1,8,2,7,1,8
952,B,2,5,4,4,3,8,8,2,5,10,6,6,3,6,5,9
875,P,4,9,4,6,2,5,11,11,4,10,6,4,1,10,4,9
1729,R,7,10,9,8,7,8,8,6,6,9,5,7,4,7,6,12
1577,A,5,5,6,8,2,8,3,3,2,7,1,8,3,7,2,8
1346,P,5,9,5,6,2,4,15,8,1,13,5,2,0,8,4,8
1032,A,3,3,5,3,1,7,5,3,0,7,1,8,2,7,2,8
290,B,1,1,2,1,1,7,7,7,5,6,6,7,1,8,7,8
84,R,3,6,4,4,3,6,7,4,5,7,6,7,4,7,4,9
1823,P,5,6,6,8,3,4,12,9,2,10,6,4,1,10,4,7
1547,A,5,8,7,7,6,9,7,4,4,7,7,7,5,10,4,6
271,B,3,8,5,6,4,8,7,7,6,7,6,6,1,8,7,10
1061,R,0,0,1,0,0,6,8,6,3,7,5,7,2,6,4,11
906,A,3,6,5,4,2,8,2,2,2,7,1,8,2,6,3,7
1178,B,3,1,3,2,3,7,6,5,6,7,6,6,4,8,6,10
1456,B,2,1,3,3,2,7,7,5,5,7,5,6,2,8,5,9
2036,B,3,6,5,5,5,6,9,6,6,8,7,7,5,9,7,8
884,A,2,3,3,4,2,8,3,1,2,7,2,8,2,6,2,7
568,A,2,7,4,5,2,7,4,2,0,6,2,8,2,7,1,7
738,B,3,1,3,2,3,7,8,5,5,7,6,6,2,8,6,10
792,R,3,8,6,6,4,10,7,4,7,9,1,7,3,6,4,11
156,P,4,8,4,5,2,4,15,8,1,12,7,2,0,9,4,8
530,P,4,6,6,8,8,10,8,3,2,6,8,7,6,10,6,4
2156,A,1,1,2,1,0,9,5,2,0,7,1,8,2,7,1,8
2071,A,7,12,7,7,4,13,1,4,1,11,4,12,5,3,4,11
1883,B,4,8,6,7,7,8,8,6,6,7,6,6,2,8,6,10
453,A,4,7,5,5,6,8,5,7,5,8,6,8,5,10,7,4
749,P,5,5,5,8,3,3,14,8,1,11,7,2,0,10,4,8
447,P,5,4,6,6,7,7,8,3,2,7,8,7,5,10,5,4
1139,A,5,11,7,8,5,7,4,3,0,7,1,8,3,8,3,7
448,B,3,5,4,3,4,8,7,5,6,6,6,5,3,8,7,10
1590,P,3,5,5,4,2,7,10,4,3,11,3,3,1,10,3,8
1208,P,2,3,4,2,1,7,9,4,3,11,3,4,0,9,2,8
20,B,5,10,5,8,4,6,8,10,6,7,6,7,3,8,9,10
1035,B,5,9,7,6,7,8,7,4,5,7,6,7,4,8,6,8
1956,A,2,9,5,6,5,8,2,1,2,7,2,7,2,7,3,6
1716,A,8,15,9,8,6,11,2,5,2,12,4,11,7,2,5,11
420,B,1,3,2,2,1,8,6,3,5,10,5,7,2,8,3,9
437,B,6,10,5,6,4,8,6,4,5,10,5,8,6,7,7,10
389,B,3,5,4,7,3,6,7,9,6,7,6,7,2,8,9,10
1451,P,5,10,7,7,7,6,9,6,5,8,7,9,5,9,8,10
47,B,3,6,5,4,4,10,5,3,5,10,4,7,2,8,4,10
531,A,3,3,5,5,2,9,4,3,1,8,2,8,2,7,2,8
1007,P,3,6,6,4,3,9,8,3,5,12,4,4,1,10,3,9
855,A,5,8,6,6,3,9,3,2,3,8,1,8,2,6,3,7
104,R,3,4,4,2,3,7,7,5,5,7,5,7,2,7,4,8
1808,A,2,2,4,3,1,7,2,2,2,6,1,8,2,6,2,7
914,R,7,13,7,7,6,8,7,3,5,9,4,8,6,5,7,6
977,P,5,6,6,8,7,6,9,3,2,8,8,5,5,10,5,5
841,B,3,7,4,4,4,6,6,6,3,6,4,7,2,8,6,5
484,R,8,10,8,6,6,7,7,3,5,8,4,8,6,6,7,7
1679,R,8,15,8,8,7,5,8,2,5,7,3,9,6,6,6,5
1555,A,6,10,5,5,3,12,5,5,1,8,3,9,5,6,4,10
681,A,3,6,6,5,4,9,7,4,5,6,9,5,4,10,4,5
927,A,2,4,2,1,1,6,2,2,1,5,2,8,1,6,0,7
722,A,3,9,5,6,2,10,2,2,2,8,2,10,3,4,4,7
387,A,5,11,7,8,7,8,7,7,4,7,6,9,4,8,8,3
899,P,7,10,10,8,6,7,14,5,2,13,4,0,0,10,4,7
521,P,4,9,4,6,2,5,10,9,4,9,6,6,2,10,4,8
1604,R,4,9,5,7,5,9,6,3,5,9,3,7,3,6,3,11
796,R,1,0,2,0,1,6,9,7,2,7,5,8,2,7,4,9
1179,P,2,1,2,2,2,5,11,4,3,10,8,3,1,8,3,7
1243,P,1,1,2,1,1,5,11,6,1,11,6,4,1,9,3,8
231,A,3,2,6,4,2,7,2,2,3,6,2,8,3,7,3,7
310,R,4,3,5,5,3,6,9,10,5,7,6,8,2,8,5,10
209,B,3,6,4,4,4,8,6,4,5,9,5,6,2,8,5,9
1430,P,2,5,4,3,2,7,9,4,4,12,5,3,1,10,3,8
8,R,3,6,4,4,3,9,7,3,5,10,4,8,2,7,3,11
2050,B,4,9,4,7,3,6,7,9,7,7,6,7,1,8,9,10
736,B,9,15,9,8,8,8,7,4,5,9,5,7,8,4,10,7
1426,A,3,8,5,6,3,10,4,2,2,8,2,10,2,6,3,8
197,B,4,6,6,4,4,9,8,3,5,7,6,8,6,8,6,9
661,R,3,2,4,4,3,7,8,4,5,6,5,6,3,7,3,8
2066,P,6,9,5,4,2,5,12,5,1,12,6,4,4,10,3,8
849,R,3,5,6,3,4,8,7,3,5,10,4,6,3,7,4,10
1565,R,7,13,7,7,6,5,9,3,5,7,4,9,6,7,6,6
1273,P,7,9,7,5,4,8,9,4,4,12,6,3,4,11,5,6
2139,A,2,3,4,4,1,7,5,3,1,6,1,8,2,7,2,7
2043,A,2,1,4,3,2,9,2,2,1,7,2,8,2,5,2,7
694,R,4,6,7,6,7,6,8,3,3,7,6,8,6,8,5,7
349,R,3,7,2,5,2,6,10,8,4,7,3,9,3,6,4,10
700,A,2,8,4,6,3,11,3,3,3,10,2,9,2,6,3,8
1447,A,2,7,5,6,4,6,8,3,4,7,7,9,5,9,3,7
1929,B,2,3,3,3,2,8,7,3,6,10,5,7,2,8,4,9
446,R,1,2,3,3,2,6,7,4,5,7,6,7,5,7,3,8
1805,R,6,9,7,5,5,7,7,3,4,7,5,9,5,8,6,7
692,R,5,11,7,8,6,7,9,5,7,6,5,8,4,6,7,9
751,B,4,7,5,5,5,7,7,7,6,8,6,7,2,8,6,10
1644,B,1,3,3,2,2,8,7,2,5,10,5,7,3,9,3,9
745,A,6,11,8,8,5,9,3,2,3,8,1,8,2,7,3,7
362,A,4,10,6,6,5,6,5,3,2,4,1,6,4,5,4,6
793,R,5,4,5,7,3,5,10,9,3,7,5,8,3,8,6,11
397,B,4,7,4,5,3,6,8,7,6,7,6,7,2,8,9,10
22,A,2,3,3,2,1,10,2,2,0,9,2,9,1,6,1,8
133,A,2,4,4,3,2,8,1,2,2,7,2,8,2,6,2,7
320,A,4,10,7,8,5,12,3,2,1,9,2,9,2,6,2,8
1878,R,2,3,4,2,2,8,8,4,4,8,5,7,2,7,3,10
1639,P,3,8,4,6,4,6,9,6,4,8,6,4,2,10,3,7
2063,P,3,5,6,4,3,7,10,4,4,12,5,3,1,10,3,7
361,P,2,2,3,4,2,6,10,4,5,10,8,4,1,10,3,7
353,P,5,9,7,7,6,9,8,4,5,11,4,4,2,9,4,8
619,B,2,1,3,2,2,8,7,5,6,7,6,5,2,8,6,9
572,R,3,8,4,6,4,5,12,7,3,9,4,9,1,6,5,11
1720,A,1,0,2,0,0,8,3,2,0,7,2,8,2,6,0,8
724,R,3,8,3,6,4,5,9,7,3,7,5,8,2,7,5,11
1403,B,4,7,6,6,7,8,8,5,5,7,6,8,7,7,9,6
410,R,4,4,4,5,2,5,11,7,4,7,4,8,3,7,6,11
1478,B,5,9,7,7,7,8,7,6,5,9,6,6,3,9,6,10
406,R,6,12,6,6,5,5,9,2,5,7,5,10,4,7,6,7
707,A,4,5,5,4,2,10,2,1,2,8,3,9,3,5,3,8
1744,A,1,2,3,2,1,11,2,3,2,10,1,9,1,6,2,8
233,A,5,10,5,6,3,10,3,5,2,11,6,13,5,4,5,10
785,A,7,11,5,6,3,10,0,2,2,10,4,12,3,4,3,8
314,R,2,4,2,3,2,7,7,5,5,6,5,7,1,7,4,8
352,R,2,4,3,3,2,8,7,4,5,9,4,7,2,7,3,10
1788,R,2,1,2,2,1,6,10,8,2,7,5,8,2,7,5,10
678,A,2,8,4,6,2,9,4,3,2,7,1,8,3,7,2,8
769,P,2,3,4,2,2,7,10,4,3,11,5,3,1,9,2,8
725,R,1,1,2,1,1,6,9,8,4,7,5,8,2,6,3,11
299,A,3,5,5,2,2,6,2,2,2,5,1,8,2,6,3,6
1497,P,2,1,2,1,1,5,11,8,2,9,6,4,1,9,3,8
393,A,4,8,6,6,3,10,3,2,2,9,2,9,4,5,3,8
886,R,5,9,7,7,8,5,8,3,5,6,5,9,7,6,10,7
678,P,4,8,6,12,10,8,9,5,0,8,6,7,5,11,6,6
957,R,4,9,6,7,6,9,8,4,5,9,4,7,3,7,3,11
35,R,3,5,7,4,6,7,6,3,4,8,5,8,7,9,5,7
1866,A,4,3,5,5,3,7,5,3,1,6,1,8,2,7,2,7
578,R,3,4,4,4,3,9,7,4,5,11,4,6,3,7,4,10
762,P,2,5,4,4,2,7,10,4,4,12,5,3,1,10,2,8
1707,R,8,12,7,7,6,7,7,3,5,8,3,8,7,8,7,8
869,B,3,2,3,4,3,7,7,5,5,7,6,6,5,8,5,10
389,B,9,12,8,7,7,7,8,4,5,9,6,7,8,5,9,7
850,P,2,8,3,4,1,4,12,8,2,10,6,3,1,10,3,8
464,B,5,9,7,6,10,8,6,5,3,7,7,8,6,9,8,9
1690,R,5,10,7,8,6,7,8,6,5,8,5,9,4,6,6,12
30,A,5,9,6,7,4,8,2,1,2,6,2,8,2,7,3,6
975,A,5,11,8,8,4,10,2,2,3,9,1,8,2,8,3,7
237,R,5,11,5,8,6,5,10,8,3,7,4,8,2,7,6,11
317,A,2,5,3,4,2,8,3,2,1,8,2,8,2,6,2,7
235,R,2,3,4,2,2,8,8,3,6,11,4,7,2,7,4,9
917,A,3,7,5,5,5,8,8,7,4,6,6,7,2,8,6,5
1911,A,6,10,9,8,9,8,8,8,5,6,6,8,3,8,8,4
1369,R,3,7,3,5,2,6,9,9,5,7,5,8,3,8,5,10
712,B,5,10,7,8,7,8,7,3,5,9,5,6,2,8,5,9
388,B,1,0,1,0,1,7,7,6,4,6,6,7,1,8,5,9
1257,A,5,9,7,7,5,8,3,1,2,6,2,6,3,5,4,7
776,R,3,4,4,3,2,8,7,4,5,8,5,6,2,7,4,11
1404,P,3,7,6,11,9,9,8,4,1,8,6,7,7,9,5,7
1222,R,5,10,8,8,5,11,7,3,6,12,1,6,4,5,4,11
1421,B,1,0,1,1,0,7,7,6,4,7,6,7,1,8,5,9
960,R,5,11,6,8,6,6,7,6,6,7,6,7,5,8,5,8
1874,R,3,6,4,6,3,6,11,10,4,7,3,9,3,7,5,10
559,R,6,5,5,6,3,5,12,9,4,7,3,9,3,7,6,11
424,A,2,2,4,3,1,6,2,2,2,5,2,8,2,6,2,6
304,P,5,9,5,7,5,5,10,8,3,8,6,5,1,9,6,6
936,B,1,0,2,1,0,7,7,7,4,7,6,7,1,8,6,8
299,A,5,11,5,6,4,10,4,4,2,9,5,11,5,3,5,10
180,P,8,15,7,8,4,6,8,6,4,13,5,5,4,10,4,8
1056,R,4,3,5,5,2,5,13,8,3,6,2,9,2,6,5,11
282,B,1,0,1,0,0,7,7,6,4,7,6,7,1,8,5,9
1930,B,3,9,4,7,3,6,7,11,6,7,6,7,3,8,9,10
188,P,3,5,5,4,2,7,11,4,4,12,4,1,1,9,3,8
61,R,3,5,5,4,4,8,7,4,5,9,4,7,3,7,4,10
1113,P,5,7,7,5,3,6,14,5,2,12,3,1,0,10,3,8
394,P,4,9,4,6,2,4,11,9,3,9,6,4,1,10,4,8
762,B,2,1,1,2,1,7,7,8,5,6,6,6,2,8,7,10
861,P,2,2,3,3,2,6,9,5,4,8,7,4,1,10,3,7
189,A,3,8,5,6,3,12,3,2,2,10,2,8,2,6,2,8
1062,P,4,7,5,5,3,10,7,3,5,12,4,5,2,9,3,9
545,R,5,10,7,7,6,6,7,5,6,6,5,7,4,7,5,8
1817,B,11,13,8,7,5,9,6,5,6,11,4,9,6,7,7,11
2166,A,2,5,4,4,4,9,8,3,4,6,7,8,4,8,4,6
357,A,2,3,4,2,1,8,3,2,2,7,2,8,2,6,2,7
1188,B,5,10,5,8,4,7,8,9,7,7,5,6,2,8,8,10
403,A,3,11,5,8,4,12,3,2,2,9,2,9,2,6,2,7
1973,P,6,8,6,4,4,8,9,5,3,10,5,6,5,10,5,6
135,A,6,14,6,8,4,11,1,3,3,12,6,13,3,5,4,11
787,R,5,10,6,8,6,5,8,6,5,6,5,9,4,8,6,10
377,A,1,0,3,2,1,8,2,2,2,8,2,8,1,6,2,7
846,B,2,3,3,1,2,7,8,5,5,7,6,6,1,8,5,9
76,R,3,7,5,5,4,7,8,5,6,8,5,9,3,6,5,11
1104,R,7,9,6,4,3,8,7,5,5,9,4,9,6,5,6,11
961,A,3,7,5,6,4,7,8,2,4,7,8,9,5,8,3,6
341,B,3,4,4,6,3,6,8,9,7,8,6,7,2,8,9,9
891,P,6,9,9,7,5,8,11,9,5,10,4,3,2,10,5,7
75,P,3,8,4,6,2,3,14,8,1,11,7,3,0,10,4,9
584,A,4,9,6,6,3,12,2,4,3,11,1,9,4,7,3,9
1776,R,3,7,5,5,3,8,8,6,6,8,5,8,3,7,6,10
1150,P,3,8,5,6,3,4,12,4,6,11,9,3,0,9,4,6
1036,A,2,8,4,5,2,7,6,2,1,6,0,8,2,6,2,7
167,R,5,8,6,5,4,9,8,4,7,9,3,7,3,6,4,11
1152,R,4,3,4,4,2,5,11,8,3,7,4,8,2,7,6,11
612,P,5,5,5,8,7,8,6,4,3,7,7,7,6,10,4,6
1397,R,6,10,8,8,6,6,7,5,6,6,5,8,3,6,6,9
1981,B,5,9,8,7,7,10,6,3,6,10,4,6,2,8,5,10
684,R,9,11,7,6,4,8,7,5,5,10,4,8,5,5,6,11
1987,R,6,5,7,4,6,7,8,4,3,8,5,8,7,8,6,6
1155,A,4,9,6,7,6,8,9,8,5,6,5,8,3,6,7,5
622,R,7,11,9,8,6,9,8,4,7,9,3,7,3,6,5,11
1556,A,4,10,7,8,4,12,1,2,3,9,2,9,5,6,4,9
206,A,3,5,5,3,2,8,2,2,2,7,1,8,2,6,2,7
593,P,10,13,9,8,6,9,8,4,5,13,5,4,5,11,6,7
1173,P,6,11,6,8,3,4,13,8,1,10,6,3,1,10,4,8
817,B,6,12,6,7,6,9,7,3,5,9,5,8,6,7,8,9
1298,P,4,6,5,9,9,8,7,5,0,8,6,7,6,10,6,9
363,A,3,8,5,6,4,5,4,2,0,5,2,7,3,7,2,7
1706,B,6,10,9,7,7,8,8,5,6,9,5,6,3,7,8,10
1034,B,4,7,6,5,4,9,7,2,7,10,4,7,2,8,5,11
858,A,4,11,6,8,3,5,4,3,3,6,1,7,3,6,3,7
115,R,4,6,6,4,4,9,7,3,5,9,3,7,3,7,5,11
2152,P,3,5,4,7,2,4,13,9,2,10,6,5,1,10,4,8
266,A,3,2,5,3,2,6,2,2,2,5,2,8,2,6,2,5
931,P,4,11,5,8,4,4,11,4,6,11,10,3,0,10,4,6
367,A,5,12,8,8,5,11,2,3,2,9,2,9,5,7,4,9
294,P,6,9,8,7,7,6,6,8,4,7,6,9,4,9,8,11
1496,B,2,4,4,2,3,9,6,2,6,11,5,6,2,8,4,9
688,P,4,11,5,8,2,3,13,8,2,11,5,3,1,10,4,8
666,R,4,8,4,6,3,5,11,8,4,7,4,9,3,7,6,11
521,R,3,2,4,4,3,6,7,5,5,6,4,8,3,8,4,8
826,B,4,9,6,6,7,8,6,6,7,5,6,5,3,8,5,10
303,A,5,11,7,8,7,8,5,7,4,8,6,8,6,8,7,4
465,R,3,3,4,3,3,7,8,5,6,6,5,7,3,7,4,8
884,R,4,8,5,6,5,8,8,7,5,8,5,7,7,8,6,11
1957,P,4,8,5,6,3,7,10,2,7,14,6,4,0,10,2,9
301,P,4,7,5,5,3,6,11,4,4,13,6,3,1,10,3,10
328,R,6,11,8,8,7,9,6,3,6,10,3,7,3,6,3,11
109,P,2,5,3,7,5,8,6,5,1,7,6,7,6,9,5,9
1896,R,4,8,5,6,6,8,6,6,3,8,6,8,4,7,6,11
848,B,3,7,5,5,6,8,8,4,5,7,4,6,4,8,5,8
626,B,4,8,5,6,5,6,7,6,7,6,7,6,2,8,6,8
595,P,8,13,7,6,3,6,10,6,3,13,5,4,4,10,4,8
426,A,2,8,4,7,2,12,2,4,3,11,2,10,3,6,2,9
1698,B,4,6,4,4,3,6,6,8,7,6,6,7,2,8,9,10
238,R,2,0,2,1,1,6,10,7,2,8,5,8,2,7,4,10
274,B,2,3,3,2,2,8,8,5,6,7,5,5,2,8,7,8
1882,R,6,11,6,8,4,5,13,8,4,7,3,9,3,7,6,11
1538,P,3,5,4,3,2,6,9,5,5,9,7,3,1,10,4,6
1574,B,4,9,5,7,5,7,8,9,6,7,6,6,2,8,8,10
434,A,2,2,4,3,2,8,1,2,2,8,2,8,3,6,3,6
505,B,3,7,4,5,5,7,7,4,6,6,6,5,2,8,6,11
440,A,5,10,8,8,5,11,3,1,2,8,2,9,4,6,3,7
1060,B,2,3,4,3,3,8,7,3,5,10,5,6,2,8,4,10
794,B,5,8,7,6,6,7,9,5,6,10,6,5,3,7,7,8
619,R,6,11,10,8,9,6,8,5,5,6,5,8,3,7,5,9
579,A,5,11,9,8,7,8,4,1,4,6,3,6,5,8,6,6
111,B,3,7,3,4,3,6,8,9,6,6,5,7,2,8,8,9
1927,A,5,10,7,7,4,9,6,3,0,8,1,8,2,6,1,8
1382,P,5,8,7,11,11,8,9,4,1,8,7,6,8,10,6,8
1824,B,4,7,4,5,3,6,8,9,8,7,5,6,2,8,9,9
597,A,7,9,8,8,8,5,8,3,5,7,8,10,8,8,4,8
1810,A,3,7,4,5,3,9,4,3,1,8,1,8,2,6,1,9
421,B,3,8,3,6,4,7,6,7,5,8,6,7,2,8,7,9
1909,R,3,6,4,4,4,8,6,6,3,8,5,7,4,6,6,7
2029,P,3,7,5,5,4,5,11,8,3,10,7,3,2,11,3,7
744,B,5,7,7,5,6,8,6,6,6,9,7,7,3,8,7,9
491,R,1,0,2,1,1,6,9,8,3,7,5,8,2,7,3,12
1880,R,1,0,1,0,0,6,8,6,3,7,5,7,2,7,3,10
109,P,3,8,4,6,2,4,12,9,2,10,6,4,1,10,4,8
1345,P,5,11,5,8,3,5,10,10,4,9,6,5,2,10,4,8
160,A,2,2,3,2,0,10,2,2,1,8,2,9,2,5,1,9
1394,B,3,4,3,4,3,7,7,5,5,7,6,6,2,8,6,9
1730,R,3,2,4,3,3,7,7,5,5,6,5,6,3,7,4,8
1597,R,5,6,7,5,7,6,6,5,2,6,5,9,7,9,6,10
1118,A,2,1,3,1,1,7,4,2,0,7,2,8,3,6,1,8
2160,P,4,10,6,8,6,7,7,8,4,8,6,7,3,9,8,9
514,A,3,9,5,7,3,13,3,2,3,10,1,9,3,7,2,8
190,A,5,10,6,4,2,11,3,5,1,11,4,11,5,3,4,10
586,P,3,7,5,5,4,5,10,4,4,10,8,4,1,10,3,7
761,B,6,9,6,6,5,9,8,7,8,7,5,5,2,8,8,9
1049,P,1,1,2,2,1,5,10,5,4,10,8,4,0,9,3,8
1307,B,3,5,5,3,4,9,7,3,5,10,5,7,2,8,6,10
1551,P,3,3,5,5,2,5,11,9,2,10,6,4,1,10,4,7
1433,P,3,9,4,6,2,5,9,10,5,8,6,5,2,9,4,8
1939,A,2,8,4,6,2,12,4,3,2,10,1,9,2,6,2,8
587,R,3,8,5,6,6,8,8,3,4,6,6,8,6,10,7,6
1324,A,4,7,5,5,3,9,2,2,2,7,2,8,2,7,3,6
1015,P,3,6,4,5,3,6,10,6,5,10,7,4,1,10,5,7
885,P,3,6,4,4,3,3,14,5,1,11,6,4,0,9,3,8
1914,A,1,3,2,2,1,10,2,2,1,9,2,10,1,6,2,8
784,P,6,12,6,6,4,6,10,4,4,12,6,4,2,11,5,6
369,A,1,3,2,2,1,12,2,3,1,11,2,9,2,7,2,8
2008,P,2,7,3,4,1,3,14,8,2,12,7,3,0,9,3,8
1209,R,6,10,8,8,6,7,9,5,7,5,4,9,4,4,7,8
768,P,4,6,6,10,9,8,12,5,0,10,7,5,5,10,6,8
313,A,4,10,6,7,2,5,3,4,2,5,1,7,3,8,3,7
775,R,2,5,4,3,2,8,7,3,5,10,4,6,2,7,3,10
67,P,5,9,6,6,5,7,9,5,6,9,8,4,5,9,5,7
75,A,3,8,4,6,3,6,4,2,0,6,2,8,2,6,1,7
1861,B,4,10,6,7,7,8,6,4,4,6,5,7,4,9,5,8
736,A,3,7,5,5,3,12,2,3,2,10,2,9,2,6,3,8
1719,R,4,9,6,6,5,9,7,6,3,8,5,6,4,7,6,9
1283,R,3,9,4,7,3,6,8,9,5,7,6,7,3,8,6,11
545,B,3,3,4,4,4,7,7,5,5,6,6,6,2,8,6,9
253,P,2,3,4,2,1,8,11,4,3,10,4,2,0,9,3,8
527,B,4,9,5,6,6,7,6,6,6,6,6,6,2,8,5,10
525,A,5,9,9,9,7,11,5,1,5,9,1,5,3,7,5,9
1798,P,4,8,6,6,4,6,11,4,6,10,8,3,1,10,5,7
1492,R,5,10,8,7,7,7,9,5,7,7,5,6,5,5,5,10
306,P,3,5,5,7,7,8,10,5,0,9,7,6,7,10,4,7
1240,B,3,6,5,4,5,9,7,4,3,6,7,7,5,9,6,7
1897,B,9,15,7,10,5,7,7,5,5,10,6,8,5,6,9,10
818,P,5,10,9,8,5,7,10,5,6,12,5,3,1,10,4,8
760,R,6,10,8,7,7,8,8,6,6,6,5,7,3,6,6,9
1314,A,3,7,5,5,3,11,2,3,2,10,2,9,2,6,3,8
244,R,9,15,9,8,7,7,8,3,5,8,3,9,7,6,7,6
747,R,4,10,6,8,6,7,7,6,6,7,6,7,3,7,5,9
287,B,4,7,6,5,6,8,6,4,6,9,5,6,2,8,6,9
1641,P,9,13,7,8,3,6,10,6,4,13,6,3,4,10,4,8
1115,R,2,2,3,2,1,6,7,5,5,7,5,6,2,7,4,8
556,P,9,10,7,5,3,6,11,6,2,11,5,5,4,10,4,8
258,P,1,0,1,0,0,5,11,6,1,9,6,5,0,9,2,8
854,B,5,9,8,7,6,11,5,2,7,11,3,7,4,6,6,12
176,A,3,2,5,5,2,6,4,4,1,6,1,8,3,7,2,7
992,B,5,11,7,8,9,9,5,4,5,7,7,7,7,9,8,8
207,B,3,6,4,5,4,7,7,5,5,9,6,6,2,8,3,7
2107,B,4,5,5,4,4,7,7,5,6,7,6,6,2,8,6,10
12,R,3,5,6,3,4,8,8,3,5,9,4,7,3,6,3,11
718,A,6,7,9,6,6,7,7,3,6,7,9,10,5,10,3,6
510,A,2,7,4,6,2,8,3,2,2,7,1,8,2,6,2,7
1951,P,5,8,6,6,5,9,7,2,5,13,4,6,1,9,3,9
1474,P,2,3,3,2,1,7,10,4,4,12,5,3,1,10,2,8
149,R,5,2,4,3,3,7,7,5,5,6,5,6,3,7,4,8
1778,A,4,7,5,5,3,8,2,2,2,6,2,8,2,6,3,6
668,P,11,15,8,7,5,8,9,7,5,14,4,4,4,10,4,8
539,P,8,11,10,8,7,9,7,3,6,12,4,5,5,9,5,9
1488,R,4,5,3,8,3,5,11,8,4,7,4,9,3,7,7,11
701,R,3,7,5,5,5,7,7,4,6,8,6,6,3,7,5,10
596,B,4,8,5,6,6,6,7,8,5,7,6,6,2,8,7,9
400,P,2,3,2,2,1,5,9,3,4,9,8,5,1,9,2,7
901,P,6,11,7,8,8,7,5,7,5,7,5,9,6,9,8,9
2013,A,3,7,4,4,2,11,2,3,2,10,1,8,2,6,2,8
799,B,0,0,1,0,0,6,7,6,4,7,6,8,1,8,5,10
2057,A,4,9,6,7,4,12,3,3,2,10,1,9,2,7,3,8
1329,A,4,11,5,9,3,13,5,5,3,12,1,8,2,6,4,9
540,B,1,3,2,2,2,7,7,5,5,7,6,6,2,8,4,10
289,A,6,11,11,8,8,7,5,2,5,5,1,6,6,8,6,6
255,R,1,0,1,0,1,6,10,6,3,7,5,8,2,6,3,9
1655,P,4,9,4,4,3,8,8,3,4,12,5,4,3,11,5,7
1441,P,5,9,5,4,3,10,8,4,4,12,4,5,4,10,5,9
1218,B,4,11,4,8,4,6,7,10,7,7,7,7,2,8,10,10
1913,P,5,10,8,8,6,8,10,4,4,13,5,3,1,10,3,8
1850,B,3,3,3,5,3,6,7,9,6,7,6,7,2,8,8,10
2077,R,3,6,5,4,5,7,7,4,4,7,6,8,6,9,6,6
613,R,4,3,4,5,3,5,11,8,4,7,3,9,4,7,6,11
1662,P,4,4,4,6,6,6,8,5,2,7,7,6,6,10,5,7
832,P,7,14,7,8,5,8,9,4,4,12,5,4,4,11,6,6
382,A,2,5,4,3,3,10,2,2,2,10,2,9,2,6,2,8
261,A,5,11,8,8,5,8,2,2,3,6,1,7,3,7,4,7
2056,P,10,15,9,8,6,7,10,4,6,14,5,3,4,9,7,5
411,R,2,4,4,3,3,8,7,4,5,8,5,7,3,7,4,11
1864,P,4,10,5,7,3,5,10,10,4,9,6,5,2,10,4,8
562,A,3,7,4,5,4,8,5,1,3,7,2,6,2,6,4,5
494,P,6,11,5,6,4,5,11,5,4,13,6,4,3,9,4,8
1979,B,4,11,5,8,4,6,6,9,7,6,6,6,3,8,10,11
853,B,4,8,6,5,5,8,6,5,6,9,5,5,4,8,7,9
225,R,3,8,4,6,2,5,10,9,4,7,4,8,3,6,5,11
565,R,4,10,6,7,5,7,7,6,5,8,5,9,3,6,6,11
1516,P,2,8,5,5,4,7,8,5,7,7,7,4,2,11,4,7
230,P,5,11,6,7,3,4,12,9,2,10,6,4,1,10,4,8
645,P,3,6,4,4,2,4,12,8,2,10,6,4,0,10,4,8
1818,P,3,6,4,4,2,5,12,7,3,12,6,3,1,10,4,7
384,B,4,10,5,8,6,8,6,7,6,6,6,6,2,8,7,9
215,A,3,10,5,8,4,12,3,2,3,9,2,8,2,6,2,8
468,A,2,6,3,4,3,7,2,1,2,6,2,7,2,6,3,6
73,B,3,7,4,4,4,9,7,3,5,7,6,7,3,9,4,8
1611,B,4,10,5,8,4,6,9,9,8,7,5,7,3,8,9,10
189,R,5,9,5,4,5,7,8,4,5,9,4,9,5,7,6,7
1125,A,1,0,3,0,1,7,3,2,0,7,2,8,1,6,1,8
152,R,5,9,6,7,5,7,9,4,6,6,4,8,4,5,6,9
94,R,4,10,5,8,3,5,10,9,3,7,5,8,3,8,6,11
651,P,2,3,3,1,1,5,9,4,4,9,8,5,1,9,3,7
172,B,3,7,4,5,4,8,7,7,6,7,6,5,2,8,7,10
499,A,5,6,7,5,5,8,8,2,5,7,8,8,5,9,3,6
1593,A,4,10,6,9,5,12,3,1,2,9,2,8,2,6,2,8
727,P,4,6,7,4,3,8,9,3,5,13,4,3,1,10,3,9
383,B,4,6,7,6,6,7,10,6,6,8,7,8,5,9,7,9
765,R,6,9,6,5,4,9,8,4,6,9,3,6,5,5,5,7
1907,A,2,4,4,3,2,9,2,2,3,8,2,9,1,6,1,7
69,R,4,7,6,5,3,9,8,4,6,9,3,7,3,6,4,11
1870,B,2,0,2,1,1,7,8,7,5,8,5,7,1,7,8,8
479,R,3,7,5,5,4,9,7,4,5,10,4,7,3,7,4,11
1622,P,2,2,2,1,1,5,10,8,3,9,6,5,1,9,3,8
691,B,4,8,5,6,5,7,8,5,4,7,5,7,3,8,6,8
2042,A,3,7,5,5,3,12,3,3,2,10,1,9,2,6,2,8
452,R,2,8,5,6,4,8,8,4,5,9,4,8,3,7,4,11
483,P,4,5,6,7,7,6,8,5,3,8,7,6,7,12,6,9
234,R,8,12,8,7,6,9,6,3,5,9,4,8,6,8,6,8
39,A,5,12,6,6,3,13,1,4,0,12,4,11,2,3,2,11
2136,R,7,13,6,6,5,8,6,3,5,8,4,9,7,9,5,7
301,P,1,0,2,1,0,5,11,7,1,9,6,4,1,9,3,8
2118,R,3,7,4,5,1,5,10,8,4,7,4,8,3,7,6,11
856,B,3,3,4,6,2,5,9,9,8,7,5,7,2,8,9,9
1395,A,2,4,4,3,1,12,3,3,2,11,1,9,2,6,2,9
2087,R,3,7,5,5,4,10,7,3,5,10,2,7,3,7,3,10
1228,P,7,11,9,9,8,7,11,6,4,11,5,3,2,11,4,8
2051,P,3,3,5,2,2,8,11,4,3,12,4,2,1,9,2,9
1672,B,5,9,6,7,5,7,9,9,7,7,5,7,2,8,9,10
2090,P,3,1,4,2,2,5,10,3,4,10,8,4,1,8,4,7
782,B,5,8,7,6,10,8,8,4,3,6,7,7,7,11,9,9
659,A,2,8,4,5,3,9,5,3,1,8,1,8,2,7,3,8
1841,B,3,5,4,4,4,8,7,5,6,7,6,6,5,8,5,9
557,P,2,4,4,2,2,8,9,3,3,12,4,4,1,10,2,9
737,B,6,9,9,7,6,10,6,3,7,11,3,7,6,8,7,11
1463,B,3,1,4,3,3,8,8,5,6,7,5,5,2,8,6,8
522,B,2,2,2,3,2,7,7,6,5,7,6,6,2,8,5,10
268,B,5,9,7,6,9,8,6,5,4,7,6,9,7,9,7,9
872,R,2,3,3,2,2,7,7,5,4,9,5,7,2,6,4,10
431,R,12,14,9,8,5,9,7,6,5,10,2,8,7,5,6,10
372,R,5,5,6,7,3,6,11,9,4,7,3,8,3,7,7,11
1349,A,3,7,5,5,3,11,2,3,2,10,2,9,2,5,4,9
44,B,9,12,8,7,7,10,7,3,6,10,3,6,7,4,8,8
108,A,2,6,5,3,3,6,5,1,3,6,2,7,2,6,3,4
625,P,4,9,5,6,4,5,11,8,2,9,5,3,1,10,3,7
1093,R,2,2,3,2,1,6,6,4,5,7,6,6,2,7,4,9
537,P,5,11,8,8,6,7,9,3,5,13,5,4,4,10,4,8
600,A,3,2,5,4,2,8,2,2,3,7,2,8,2,6,2,6
1873,B,5,10,6,7,6,8,7,5,7,7,7,6,2,8,7,10
876,P,6,10,5,4,2,6,10,6,6,14,6,5,3,9,4,8
525,A,3,7,5,3,2,7,4,3,1,7,1,8,2,7,2,8
966,A,3,2,5,3,2,7,2,2,2,8,1,8,2,6,2,7
706,B,10,15,10,8,8,9,7,4,5,9,5,7,7,5,9,8
2119,B,4,7,4,5,3,6,7,9,7,7,6,8,2,8,9,10
129,R,4,10,5,8,5,5,10,8,2,7,4,9,2,7,5,11
324,B,6,10,8,8,7,9,8,2,7,10,4,7,4,7,5,10
781,P,5,8,8,6,3,7,11,3,7,14,5,2,0,9,3,8
460,A,2,3,4,3,2,7,1,2,2,7,2,8,2,6,3,7
530,B,5,11,7,8,6,9,8,4,7,10,4,6,2,8,6,10
888,B,6,8,9,8,10,7,8,5,5,7,7,8,6,9,9,6
699,P,5,7,7,5,4,6,11,7,2,11,5,3,0,10,3,8
354,P,1,3,3,1,1,8,7,3,3,11,4,5,2,9,2,9
0,P,4,9,5,6,1,4,12,9,3,10,6,4,1,10,4,8
879,R,3,5,6,4,3,9,8,4,6,9,5,6,3,7,4,9
438,P,9,13,8,7,4,8,7,5,5,11,3,6,5,9,4,8
338,R,5,9,8,7,4,10,7,3,6,11,2,6,3,7,4,10
1297,A,5,10,8,8,6,6,5,3,4,4,2,7,6,7,7,4
1955,R,3,3,4,5,2,5,12,8,4,7,3,10,3,7,6,12
33,P,3,3,4,4,2,5,11,8,3,9,6,5,1,10,4,8
1455,R,5,8,6,6,7,8,6,7,2,7,5,7,4,6,7,8
571,P,4,6,6,9,9,6,8,5,0,8,6,7,6,10,6,11
1197,B,3,6,5,4,4,9,6,4,6,10,5,7,2,8,5,10
797,A,3,7,5,5,3,8,2,2,2,7,1,8,2,7,3,8
1827,A,2,3,4,3,2,7,2,3,1,5,2,8,2,7,3,5
365,B,8,15,6,8,5,8,6,5,6,10,4,8,6,7,7,10
31,A,3,9,5,6,2,7,7,3,1,6,0,8,2,7,1,7
1126,B,4,2,4,4,4,7,7,5,5,6,6,6,2,8,6,11
1933,R,3,4,5,2,3,9,8,3,5,9,4,6,2,6,4,10
346,P,3,8,3,6,3,5,9,9,4,9,6,5,2,10,3,9
1898,A,4,9,3,4,2,13,3,4,1,10,3,10,3,5,4,10
117,A,5,10,5,5,3,11,4,4,2,11,3,10,6,4,5,10
259,A,6,8,8,7,7,8,7,4,5,7,8,6,5,11,4,5
1472,A,5,11,8,7,4,8,2,2,3,6,2,8,5,7,6,8
868,R,3,8,4,4,2,5,10,9,5,7,4,8,3,6,6,11
2091,B,5,10,7,7,8,8,7,6,6,6,5,6,2,8,6,10
1809,R,6,11,6,7,7,6,10,8,3,7,4,8,2,7,5,11
1114,R,3,6,3,4,2,5,11,7,3,6,3,8,2,7,6,11
1362,R,3,6,3,4,3,6,10,8,4,7,5,8,2,7,4,11
42,P,3,8,5,6,4,7,9,8,4,8,6,3,3,10,4,6
1274,R,5,8,7,6,7,7,10,3,5,5,6,9,6,7,7,7
633,P,1,1,1,2,1,5,10,5,3,9,6,4,1,11,2,7
811,A,5,10,9,7,6,7,5,2,4,5,1,6,5,7,5,5
1207,A,3,7,5,5,3,11,2,2,2,9,2,9,3,6,4,9
793,B,3,8,6,5,4,7,8,6,6,10,6,6,3,8,6,8
1485,R,7,11,9,8,7,9,8,6,6,9,5,7,4,8,7,12
1713,R,4,7,7,6,7,7,7,3,3,7,5,8,6,8,6,6
64,R,2,1,2,2,2,6,7,4,5,6,5,7,5,7,3,8
400,B,5,8,7,6,6,8,6,6,7,9,7,7,3,8,7,8
269,P,2,3,3,3,2,5,10,2,4,10,8,4,0,8,3,7
1341,R,4,7,5,5,3,11,7,3,6,11,2,6,3,7,3,10
1727,A,2,1,4,2,1,8,2,2,1,7,2,8,2,6,2,7
31,B,3,9,3,6,3,6,7,8,5,7,6,7,3,8,7,8
534,B,5,9,8,8,8,7,8,5,4,7,6,8,7,9,8,6
917,B,4,8,4,6,5,6,8,8,6,7,5,7,2,8,6,9
701,A,4,9,6,6,2,6,6,3,1,7,0,8,3,7,2,8
1595,P,4,6,5,4,4,9,4,6,5,7,6,7,3,9,7,9
498,P,7,11,6,5,4,6,12,5,2,12,6,3,3,11,5,6
789,B,3,5,4,4,3,7,7,5,5,6,6,6,2,8,6,10
379,A,4,8,6,8,6,7,8,2,5,7,7,8,8,6,4,7
1811,B,4,6,5,4,4,8,6,3,5,6,4,7,4,9,5,8
1648,B,7,12,6,6,6,8,8,5,5,8,7,7,6,7,8,6
1563,A,3,7,5,5,3,8,2,2,2,7,1,7,2,6,3,7
1040,P,9,11,7,6,4,6,9,6,3,11,5,5,5,9,5,8
919,P,4,10,6,7,6,8,6,6,4,7,6,8,3,8,7,10
120,R,3,5,5,4,3,7,8,4,5,9,5,6,3,7,4,9
191,R,5,9,4,6,4,6,10,8,3,7,4,8,2,7,5,11
746,P,5,8,6,6,6,4,11,4,5,11,9,4,0,10,4,7
1612,P,3,10,4,8,4,4,12,7,2,10,7,4,1,10,3,8
1373,A,3,5,5,7,2,7,7,3,1,6,0,8,3,7,1,8
573,R,4,6,5,4,4,6,7,4,6,7,6,6,6,7,5,8
639,B,3,1,2,2,2,7,7,4,5,6,6,6,2,8,4,10
786,A,3,5,5,3,2,10,1,2,2,10,2,9,2,6,2,7
1293,P,4,7,5,5,4,8,9,4,4,11,5,5,3,10,3,7
881,R,3,6,4,4,4,6,10,8,4,7,4,8,2,6,5,11
397,B,6,10,9,8,7,9,5,4,7,9,5,7,3,8,7,10
674,A,4,9,6,6,2,6,3,3,3,6,2,7,3,6,3,7
1754,A,4,9,8,7,5,11,3,1,2,8,3,9,6,5,3,8
765,B,5,11,6,8,7,8,9,6,5,7,5,6,3,8,6,8
448,A,6,13,5,7,3,8,1,2,2,9,4,12,2,5,4,6
193,B,2,2,3,3,3,7,7,5,5,6,6,6,2,8,5,9
98,A,3,9,5,6,3,10,3,2,2,8,2,10,3,5,3,6
637,B,1,3,3,1,2,7,7,2,5,10,5,7,1,8,4,9
1937,P,5,7,6,10,11,8,6,6,1,8,6,7,9,8,6,8
403,B,5,10,7,8,7,8,6,7,7,6,7,6,2,8,8,11
1860,A,4,9,6,7,4,12,2,3,3,10,2,9,2,6,4,8
99,R,5,6,6,8,4,5,12,8,3,7,3,9,3,7,7,11
673,A,2,3,4,5,2,7,4,3,1,7,1,8,2,7,2,8
1418,R,3,7,5,5,5,8,7,7,5,8,6,7,3,8,5,9
808,P,5,11,5,8,3,4,10,10,4,9,6,4,2,10,4,8
773,B,5,8,7,6,5,10,5,2,7,10,4,7,3,7,6,11
536,A,3,8,5,6,3,12,3,2,1,9,2,9,2,7,3,9
1731,B,4,9,4,6,3,6,7,9,7,7,6,6,2,8,9,10
1350,R,2,3,3,1,2,9,6,4,5,8,4,7,2,7,4,10
1170,P,4,5,7,8,8,7,6,4,3,7,7,7,7,11,5,6
688,P,3,8,3,7,3,6,11,8,2,9,5,4,1,9,3,7
580,P,5,8,7,6,6,7,6,6,4,8,6,9,5,8,7,10
585,A,3,10,6,7,2,7,3,3,3,7,1,8,3,6,3,7
240,R,2,1,1,1,1,6,9,7,3,7,5,7,2,7,4,10
657,B,3,7,5,5,5,8,6,5,6,6,6,6,2,8,5,10
336,P,7,10,8,8,6,8,9,3,5,13,5,3,1,11,3,9
2,P,2,1,2,1,1,6,11,8,2,9,6,4,1,9,3,8
1842,R,6,11,8,8,7,9,8,4,5,9,4,7,2,7,4,11
643,B,5,10,5,5,4,6,8,3,4,9,6,7,6,7,8,6
1833,P,4,6,6,4,3,7,10,6,3,11,4,3,1,10,3,9
170,B,3,7,5,5,4,8,8,6,6,7,6,5,2,8,7,10
1140,A,2,3,4,4,2,9,5,3,1,8,2,8,2,7,1,8
2144,B,3,7,4,4,5,7,7,6,5,7,6,6,2,8,6,10
630,B,5,11,7,9,8,9,7,6,4,7,5,7,4,8,6,8
429,A,4,6,6,5,5,7,8,2,4,7,8,8,4,8,4,6
2009,R,6,9,8,7,6,10,7,3,6,11,3,7,5,6,5,10
852,R,3,9,2,6,4,5,9,8,3,7,5,8,2,7,5,11
830,A,3,9,6,7,5,8,2,3,1,7,2,8,5,8,6,7
401,P,7,10,6,5,4,7,11,4,3,12,5,3,4,10,5,6
1600,B,2,4,3,2,2,8,7,3,5,9,6,6,2,8,4,8
1843,B,5,7,8,6,6,6,9,4,6,10,6,6,3,7,6,8
226,A,4,9,6,6,2,8,3,3,3,7,2,8,3,7,3,8
285,P,3,5,5,3,2,8,9,4,4,12,4,3,1,10,3,8
1400,R,3,7,4,5,4,6,9,8,3,7,5,8,1,7,5,11
14,B,4,12,5,8,4,6,7,9,7,7,6,7,1,8,9,11
51,R,4,8,6,6,7,5,6,3,4,7,5,9,6,10,7,6
974,P,5,4,6,6,2,4,13,8,2,10,6,3,1,10,3,7
815,P,7,11,8,8,7,6,9,9,6,8,7,9,3,10,8,9
1172,B,3,1,5,3,3,8,7,5,6,6,5,7,2,8,7,10
693,R,5,7,7,5,4,9,7,4,6,10,3,7,4,5,5,10
1390,B,3,2,4,3,4,7,7,5,5,7,6,6,2,8,6,10
2179,B,2,4,4,2,2,9,7,2,5,10,5,7,2,8,4,9
1688,A,4,9,7,7,5,10,3,1,2,8,3,9,4,5,3,7
1610,P,9,13,9,7,6,11,6,3,4,12,4,5,5,9,5,9
222,B,4,6,5,4,4,7,8,4,4,10,5,5,2,8,6,6
834,A,4,7,5,5,5,6,7,6,3,7,6,8,2,7,7,3
2067,P,4,7,7,5,3,7,11,5,4,12,4,1,1,10,4,8
405,A,3,9,4,7,4,6,4,2,1,6,1,8,2,6,2,7
7,R,2,0,2,1,1,6,10,7,2,7,5,8,2,7,4,10
6,B,2,3,3,1,2,8,7,2,5,10,5,6,2,9,4,10
321,P,1,0,2,0,0,4,11,7,1,9,6,4,2,9,3,8
468,R,4,5,5,7,3,5,10,9,4,7,4,8,4,7,6,11
603,A,5,8,7,6,6,8,9,7,5,6,6,8,3,7,7,4
1952,P,4,8,6,11,10,7,9,7,1,8,6,6,7,12,8,10
1077,B,6,10,9,8,12,9,8,5,3,7,7,7,7,11,11,10
861,A,3,2,5,5,1,6,3,3,3,6,2,7,4,6,3,7
155,P,4,10,6,8,5,6,9,6,5,9,7,3,2,11,4,6
511,B,3,4,4,3,3,7,7,5,6,7,6,5,3,8,5,8
598,A,2,7,4,5,3,12,3,2,2,9,2,9,2,7,3,9
313,P,6,6,6,8,4,5,10,10,6,7,6,5,1,10,4,8
218,R,3,5,4,3,3,7,7,5,6,6,5,7,2,7,4,7
305,P,2,1,2,2,1,6,9,5,4,10,7,4,1,10,3,7
684,B,5,10,5,8,4,6,8,9,7,7,6,7,2,8,9,10
2098,P,4,7,4,5,2,4,12,8,2,11,6,3,1,10,5,8
1529,B,3,7,6,5,4,8,9,4,6,10,5,6,2,8,6,8
635,P,7,12,6,7,3,9,7,5,4,12,3,6,5,9,4,8
1517,P,4,9,7,6,6,6,10,5,5,10,8,3,1,10,2,7
918,P,3,7,2,5,2,3,12,8,2,10,6,4,1,10,3,8
105,P,4,10,6,7,5,8,9,2,6,13,5,4,1,10,3,9
839,B,2,1,3,1,2,7,7,5,5,7,6,6,1,8,5,9
1211,B,3,6,3,5,4,6,6,8,5,6,6,7,2,9,7,10
417,P,6,8,8,6,5,7,11,7,3,9,5,3,3,11,5,8
574,P,1,0,2,0,0,5,11,5,1,9,6,6,1,9,3,8
607,A,3,11,5,8,4,8,4,3,1,7,1,8,2,7,3,8
602,A,3,10,5,7,3,7,3,2,2,5,1,7,2,6,2,7
2092,B,2,4,2,2,2,7,7,5,5,6,6,5,2,8,6,8
656,A,3,7,6,5,3,12,3,3,3,11,1,7,2,6,2,9
277,R,4,7,6,5,6,8,6,6,3,8,6,8,4,7,7,10
375,R,8,12,7,6,6,6,7,3,5,7,5,9,6,10,6,6
2174,B,5,4,5,7,4,6,7,9,7,7,5,7,2,8,9,10
139,B,6,8,9,7,9,8,8,5,5,8,6,8,7,7,9,6
654,R,3,8,4,6,4,5,10,8,3,7,3,9,2,5,4,10
2115,P,4,8,7,6,4,5,13,7,3,12,6,1,1,10,4,8
148,A,2,4,4,5,2,8,6,3,1,8,0,8,2,7,2,8
1686,B,5,9,4,5,3,7,7,5,6,11,6,9,5,7,7,8
817,B,2,6,4,4,3,7,7,7,6,7,6,6,2,9,7,9
232,B,8,12,6,6,4,7,7,5,6,10,5,9,6,6,7,10
118,B,4,5,5,7,4,7,7,11,7,8,6,8,2,8,9,9
1300,P,4,7,6,10,9,8,11,5,0,9,7,6,4,10,5,9
295,R,6,11,6,8,4,6,10,10,4,7,4,8,3,7,6,10
561,P,6,11,6,8,3,4,13,9,2,10,5,3,1,10,4,8
627,R,2,0,2,1,1,8,11,8,2,7,5,8,2,7,4,10
121,B,3,6,4,4,4,8,8,6,6,7,6,6,2,8,7,9
1509,B,5,10,5,8,6,8,7,7,6,7,6,6,2,8,7,10
396,P,1,1,2,1,1,5,11,7,2,10,6,4,1,9,3,8
182,P,4,6,5,4,3,6,11,3,5,13,6,4,0,10,2,8
1417,P,3,5,5,8,7,8,12,5,0,8,6,6,3,10,6,8
1619,P,4,9,4,6,4,6,10,7,2,9,6,5,1,10,3,8
1270,R,4,7,5,7,4,8,7,4,6,9,5,7,3,6,6,11
339,A,2,3,4,2,1,11,2,2,1,9,2,9,2,6,2,8
753,P,4,9,5,7,4,5,10,4,5,10,9,4,4,10,4,7
885,P,6,5,6,7,3,4,13,9,2,10,6,4,1,10,4,8
1184,B,8,10,6,5,5,9,7,4,5,9,4,7,6,7,9,9
1884,B,2,5,5,3,4,8,7,3,6,10,6,6,2,8,5,9
2080,R,2,4,5,3,2,8,7,2,4,9,4,6,3,7,3,9
367,B,2,4,4,3,3,8,7,3,5,10,6,7,2,9,4,9
1854,A,4,8,6,6,3,10,2,2,2,7,1,9,2,8,3,7
1444,B,4,8,5,6,5,11,6,3,6,10,4,7,3,8,3,11
567,R,4,9,5,6,5,6,8,5,5,8,5,8,3,6,6,9
134,R,6,8,9,7,9,7,7,3,3,7,5,8,7,8,7,5
1856,P,4,9,6,6,3,4,13,5,4,13,6,2,0,9,4,8
1103,A,2,6,4,4,2,12,3,4,2,11,0,8,2,6,2,9
1997,R,2,3,4,2,2,8,6,3,4,9,4,6,2,8,3,10
923,A,3,3,5,4,2,8,3,2,2,6,2,8,2,7,2,7
926,R,5,9,5,7,5,5,11,7,3,7,3,9,2,7,5,11
340,P,7,11,10,9,5,9,8,4,6,12,3,3,2,10,4,9
64,B,4,8,6,6,6,6,8,7,4,7,5,6,4,8,5,6
1603,R,4,8,6,6,8,7,7,3,6,8,6,8,6,9,7,5
237,P,5,6,7,8,7,8,6,4,3,7,7,8,7,12,6,6
1617,P,1,5,2,4,2,4,11,8,1,10,6,4,1,10,4,8
795,R,2,1,2,2,2,6,7,4,4,6,5,7,2,7,3,8
860,B,3,8,4,6,5,8,7,8,5,7,6,6,3,8,8,10
607,A,2,8,4,6,3,13,3,4,3,10,1,8,2,6,3,9
409,R,2,4,5,3,3,8,6,3,5,8,4,7,2,7,4,10
1224,R,5,11,6,9,11,6,7,3,4,6,6,9,6,10,8,5
1705,P,8,14,7,8,5,8,9,4,4,12,5,4,3,11,6,6
802,A,5,13,5,7,4,11,2,4,1,11,4,11,5,2,4,10
1180,A,6,11,8,8,8,8,7,6,5,6,6,9,7,8,7,3
811,A,2,4,3,2,1,9,2,2,3,8,2,8,2,6,2,7
891,R,5,8,7,6,5,8,7,6,6,8,6,8,3,8,6,11
410,R,2,3,5,2,2,7,8,5,5,7,5,7,2,7,4,8
250,B,3,4,5,3,3,9,7,2,6,11,4,7,2,8,4,9
347,R,5,10,7,9,10,6,9,3,4,6,7,10,8,9,9,7
1763,A,3,11,6,8,4,12,1,2,2,9,2,9,2,6,3,8
669,B,5,11,7,9,9,8,7,5,6,6,6,5,3,8,6,10
2076,R,3,7,3,4,3,6,9,7,3,7,5,8,2,7,5,11
971,A,4,10,5,6,4,9,4,3,1,8,2,8,2,7,2,8
1003,R,2,4,3,1,3,8,8,3,5,9,3,7,2,6,3,11
132,B,2,6,3,5,3,6,6,8,5,6,7,7,2,9,6,10
944,A,1,0,2,1,0,7,3,2,0,6,2,8,3,6,1,8
526,P,3,5,3,4,2,5,10,5,4,10,9,4,1,10,4,7
185,P,6,6,9,8,9,6,9,5,3,8,8,6,6,12,5,7
502,B,8,15,8,8,6,10,6,4,5,10,4,7,6,6,8,9
1416,A,2,7,4,4,2,7,3,3,2,7,3,8,3,7,2,8
1631,B,8,13,7,8,7,9,7,3,5,9,5,7,7,6,9,8
566,P,3,6,4,4,2,5,14,8,2,11,6,3,0,10,4,8
1931,P,6,9,9,7,4,7,10,5,5,12,5,3,2,11,3,9
353,A,1,0,2,0,0,8,4,2,0,7,2,8,1,6,1,8
715,A,1,3,2,2,1,10,2,2,1,9,2,9,1,6,2,8
124,P,1,1,1,1,0,5,11,7,1,10,6,4,0,9,3,8
1133,B,4,6,5,4,6,9,7,4,4,6,7,7,6,9,7,7
1606,B,1,0,2,0,1,7,8,6,4,7,6,7,0,8,6,8
516,P,8,11,5,6,3,8,7,5,4,10,4,6,5,8,4,8
1626,A,5,7,5,5,3,8,4,3,0,6,1,8,2,7,1,7
909,B,2,3,3,1,2,7,7,4,5,7,6,6,1,8,5,10
717,B,2,0,2,1,1,7,8,6,5,7,6,7,1,8,7,8
1627,P,3,7,4,4,2,4,14,8,0,11,6,3,0,10,4,8
827,B,3,3,3,4,3,7,7,9,6,7,6,7,2,8,9,10
547,R,3,5,5,3,2,8,7,5,4,8,5,7,3,7,4,11
523,R,6,10,8,7,7,9,7,4,6,10,3,7,3,6,4,10
455,P,3,9,3,5,3,4,11,8,3,9,6,3,1,10,4,8
897,B,5,8,8,7,9,8,6,5,5,7,6,7,8,11,9,7
1839,R,4,7,4,4,4,6,9,8,4,7,5,8,2,6,5,11
568,R,4,8,5,6,3,6,10,9,4,7,5,8,3,8,6,11
168,B,3,7,3,5,3,6,7,9,6,7,6,6,2,8,8,11
698,P,3,4,3,4,2,5,9,4,4,10,8,4,1,11,3,7
847,A,5,11,8,8,5,10,1,3,3,8,2,8,4,8,5,9
575,B,4,10,5,7,4,7,8,9,7,7,5,7,2,8,9,9
1168,R,3,3,3,4,2,5,10,8,3,7,4,8,2,7,5,11
912,B,4,8,6,6,6,7,7,6,5,9,7,6,3,7,7,8
804,A,3,4,6,2,2,9,1,2,1,8,2,9,2,5,3,8
670,P,3,8,5,6,4,7,5,5,4,6,6,9,3,9,6,12
2018,R,4,9,6,7,6,8,7,7,3,8,5,7,4,7,7,10
480,B,6,9,8,6,7,10,6,3,6,10,3,7,4,7,5,12
463,B,8,9,6,5,3,9,7,6,5,10,4,9,6,6,5,10
913,P,7,15,7,7,5,8,9,4,4,12,5,4,4,11,6,6
430,R,3,9,4,6,3,5,11,8,4,7,3,9,3,6,6,11
2064,B,3,9,6,6,5,8,7,6,6,7,6,5,2,8,6,9
1812,B,5,9,7,7,10,9,9,5,4,7,8,5,6,10,9,10
748,P,4,8,4,4,3,9,8,4,3,11,4,5,4,11,5,7
512,A,4,9,6,7,2,7,7,3,0,6,0,8,2,7,2,8
2153,R,4,4,4,6,3,5,11,8,4,7,2,9,3,7,6,12
1315,A,2,6,4,4,2,8,2,1,2,7,2,8,2,6,3,6
454,B,4,10,5,7,7,6,8,8,5,7,5,7,2,8,7,9
1130,A,5,9,7,8,6,6,8,2,4,7,7,9,8,7,4,8
229,R,6,10,9,8,12,6,7,4,4,6,6,9,8,9,9,6
1607,A,2,4,5,2,2,11,2,2,2,9,3,9,2,6,1,8
1331,R,4,5,5,3,3,8,8,4,5,9,4,7,3,7,3,11
873,P,6,10,8,8,5,7,10,5,4,12,5,3,1,10,4,8
487,R,8,12,8,6,6,7,7,3,5,9,3,8,6,7,6,7
87,A,3,4,5,6,2,8,5,4,1,6,1,8,2,7,2,8
2178,R,3,4,4,3,2,7,7,5,5,6,5,6,2,7,4,8
1469,R,7,10,9,9,11,7,7,3,5,6,6,9,7,9,7,6
915,A,5,10,7,8,5,7,3,3,1,8,1,8,4,9,5,8
770,B,5,8,7,6,5,10,5,3,7,11,4,7,2,8,5,12
2012,B,2,0,2,1,1,7,8,7,5,7,6,7,1,8,7,8
334,P,1,1,2,1,1,5,11,7,1,9,6,4,1,9,3,8
2165,R,3,4,5,3,3,7,7,5,5,9,5,7,2,7,4,10
120,A,7,11,6,6,4,11,1,4,2,11,4,12,5,3,5,11
707,R,7,11,10,8,10,5,8,3,5,6,5,10,9,9,8,7
1755,R,4,7,5,5,5,9,8,6,5,8,6,7,3,7,5,9
316,R,3,7,6,4,3,8,8,4,6,9,3,8,3,7,4,11
1710,R,4,6,6,4,4,9,8,4,6,9,3,6,3,6,4,11
181,B,4,5,5,8,4,6,9,10,7,8,5,6,2,8,9,10
1054,A,6,10,7,7,8,8,5,8,4,8,6,8,3,9,8,3
107,A,1,0,2,0,0,7,4,2,0,7,2,8,2,7,1,8
506,A,3,6,5,5,4,9,7,3,5,7,8,6,4,10,4,5
694,R,4,6,5,4,3,10,7,3,6,10,3,6,2,7,4,10
789,B,3,6,5,4,6,8,7,4,3,6,8,8,6,10,7,7
55,R,2,3,3,2,2,8,9,3,5,9,3,7,2,7,3,11
135,R,2,5,4,4,3,7,8,5,5,8,6,7,3,7,5,10
15,A,7,11,7,6,5,10,3,5,2,10,5,11,7,2,6,10
850,R,5,9,8,6,9,9,7,4,4,6,7,8,7,9,8,6
1966,P,7,10,9,8,7,9,7,2,6,11,5,6,4,8,4,9
1328,A,5,11,8,8,5,6,4,2,3,4,2,7,5,5,6,5
155,A,3,8,5,5,2,9,6,3,1,7,0,8,2,7,1,8
343,B,5,9,8,8,9,7,7,5,4,7,6,8,7,10,9,11
690,R,4,9,5,7,3,6,10,9,4,7,5,8,3,8,6,10
1652,P,2,3,4,1,1,8,9,3,4,12,4,3,1,9,2,9
2005,R,4,8,6,6,6,7,9,5,6,8,4,9,4,5,5,10
178,P,1,0,1,1,0,5,10,7,1,9,6,5,1,9,2,8
2,P,7,10,7,6,4,7,10,3,6,13,5,4,3,11,5,6
486,A,2,6,3,4,1,10,3,2,2,9,2,9,2,6,2,8
310,R,6,10,8,8,8,8,8,7,5,7,5,8,5,9,7,12
493,R,4,5,5,4,3,8,7,5,6,6,5,6,3,7,7,9
2117,A,2,4,3,3,1,11,3,2,2,11,2,9,2,6,2,9
2161,P,4,6,4,9,8,7,6,6,1,7,5,7,4,10,6,11
589,R,4,8,6,6,5,8,7,6,5,9,5,7,3,8,6,11
404,A,1,0,2,0,0,8,4,2,1,7,2,8,2,6,1,8
862,B,5,9,7,6,6,6,8,6,5,9,7,5,3,7,8,7
51,R,2,8,4,6,4,5,9,7,5,7,4,9,3,6,5,8
895,A,7,9,10,8,8,6,8,2,4,7,7,9,8,6,4,8
1493,R,5,5,5,8,3,6,10,10,4,7,5,8,3,7,6,11
167,A,5,9,6,7,4,9,4,3,1,8,1,9,2,7,3,8
592,B,4,3,4,3,3,8,7,5,6,6,5,6,2,8,6,10
29,P,3,7,4,5,3,5,11,8,2,9,7,5,1,10,3,8
1773,A,3,4,7,6,3,6,5,3,1,7,0,8,2,7,1,8
943,B,2,4,3,3,3,9,7,2,5,11,5,7,2,8,4,9
202,P,5,5,5,7,2,4,13,9,2,10,6,3,0,10,4,8
1117,P,4,8,7,6,6,8,10,6,4,10,4,4,3,11,4,9
244,A,3,8,5,6,3,7,5,3,0,7,2,8,2,7,1,8
916,P,2,4,4,3,2,8,9,5,3,11,5,4,1,10,2,8
549,P,2,6,5,4,2,7,9,4,4,10,4,4,1,10,3,8
247,R,2,4,4,3,2,9,7,3,5,10,4,6,2,7,3,9
758,B,1,3,2,2,1,8,7,3,5,10,5,7,2,8,4,9
951,R,7,9,10,8,11,8,7,4,4,7,5,6,7,9,7,6
1135,P,5,10,7,8,6,5,11,7,4,10,7,3,2,11,4,7
74,P,4,7,6,11,11,8,6,5,1,7,5,7,7,9,6,10
867,P,2,1,2,1,1,5,9,4,4,9,7,4,1,9,3,7
533,R,3,5,5,4,3,9,7,3,5,10,3,7,5,6,4,9
1278,P,1,0,1,0,0,6,10,7,1,9,6,5,0,9,2,8
114,R,4,7,5,5,4,8,9,6,6,8,5,8,3,7,6,11
573,B,2,4,4,3,3,8,7,3,5,10,6,6,2,8,5,8
1950,R,3,9,4,6,4,6,8,8,4,7,5,8,2,7,5,11
307,A,5,7,6,5,6,8,7,7,4,7,6,8,2,8,8,3
298,P,2,3,3,2,1,7,9,4,3,11,4,3,1,10,2,8
1513,B,4,7,6,5,6,11,7,3,6,10,4,6,2,7,4,10
2088,A,3,10,5,8,4,12,3,1,2,9,2,9,3,6,2,9
10,P,6,9,9,7,4,9,9,3,7,14,4,3,1,9,4,9
1728,B,5,9,7,8,9,7,7,5,4,7,6,8,6,9,8,7
524,R,4,11,5,7,3,6,11,9,4,7,3,9,3,7,5,11
1043,P,5,11,6,8,6,4,12,8,2,10,7,4,1,10,3,8
90,R,7,10,7,5,6,6,8,3,4,8,3,9,5,8,6,7
1384,R,4,9,6,6,6,10,8,3,6,9,3,8,3,6,4,10
390,A,3,10,5,8,4,6,3,1,2,5,2,8,2,5,3,6
1994,R,5,9,5,4,4,8,7,3,3,9,4,8,5,7,6,8
86,A,3,9,5,6,3,6,2,2,3,5,2,8,2,6,3,6
644,P,4,10,6,8,6,5,10,5,5,10,8,3,1,10,5,6
414,A,5,9,6,7,4,10,3,2,2,8,2,10,5,5,3,8
105,A,3,5,4,4,3,8,7,2,4,7,8,8,4,9,3,6
1902,A,3,8,5,5,1,7,4,3,1,7,0,8,3,7,2,8
1203,B,2,3,2,1,2,7,8,5,5,7,5,6,1,9,5,10
985,B,4,4,4,7,4,6,8,9,7,7,6,7,2,8,9,10
2022,R,4,10,4,6,3,7,11,8,3,7,2,9,3,7,5,10
722,P,5,10,7,6,4,7,11,4,5,13,5,3,1,10,3,9
1381,B,1,3,2,1,1,8,7,2,5,10,5,7,1,8,3,8
381,P,4,10,5,8,5,6,9,6,4,9,7,4,5,10,4,7
1894,P,8,9,7,4,3,6,11,6,2,10,4,5,4,9,4,8
557,A,7,9,5,5,3,8,3,3,1,7,4,12,5,6,4,7
1885,P,4,9,6,6,4,7,9,4,4,12,5,3,1,10,3,8
235,B,5,9,5,5,5,8,8,3,5,10,5,6,6,4,6,8
634,A,1,2,4,3,2,8,2,2,2,8,1,8,2,6,2,7
1871,A,2,7,4,5,3,12,4,3,2,9,2,9,2,7,1,8
1919,B,4,8,5,5,5,7,8,5,5,9,8,6,3,6,6,7
1559,B,4,9,6,7,5,9,6,5,6,10,6,6,3,8,7,9
52,B,6,9,9,8,10,6,7,5,4,8,6,8,7,10,9,6
756,R,4,7,5,5,5,8,6,7,3,7,5,7,4,6,6,9
90,R,5,8,7,6,7,8,8,7,4,8,5,6,4,7,7,11
924,B,11,13,8,7,5,7,8,5,8,10,5,8,6,6,8,11
392,R,6,10,5,6,3,8,7,6,4,9,3,8,6,6,5,10
1399,R,3,8,5,6,6,8,8,7,3,8,5,7,4,7,6,11
409,B,4,6,6,4,6,9,9,4,4,4,7,7,8,12,6,8
764,R,5,9,6,8,8,7,8,4,4,7,5,8,7,8,6,7
77,P,4,11,5,8,3,5,10,11,5,9,6,5,2,10,4,8
1412,R,3,5,4,6,3,5,11,8,4,6,3,9,3,7,6,11
417,A,4,5,6,4,5,8,7,3,5,7,7,8,5,9,3,6
1340,R,7,10,6,5,5,7,7,5,5,9,4,9,6,5,7,11
752,A,2,6,4,4,1,7,5,3,1,6,0,8,2,7,1,8
1271,P,6,9,8,7,8,7,7,5,5,7,6,9,6,8,7,10
388,R,6,10,5,5,3,7,6,5,4,9,5,9,6,5,6,11
716,R,3,8,4,6,4,6,10,8,3,7,4,9,2,7,5,11
536,P,4,8,6,6,3,6,11,3,6,14,7,4,0,9,2,8
329,R,3,7,5,5,3,10,7,3,6,10,3,7,3,7,3,10
2052,B,3,8,5,5,4,7,7,7,6,6,6,6,2,8,7,9
841,R,3,5,4,4,5,7,8,4,6,6,5,7,3,7,5,8
904,P,8,12,7,6,3,7,9,6,4,13,4,5,4,10,4,8
2168,A,2,1,3,2,1,8,2,2,1,7,1,8,2,7,2,7
1535,P,4,8,6,5,3,8,10,3,6,13,3,2,2,9,3,9
1661,P,3,2,4,3,3,5,10,4,5,10,8,4,1,10,4,7
74,R,5,10,5,7,3,5,10,9,4,7,4,8,3,7,6,11
1279,P,5,9,7,7,5,7,11,7,3,11,6,3,2,11,3,8
1587,P,5,9,5,5,3,6,12,9,2,10,5,4,1,10,4,8
1069,P,3,6,4,4,3,4,10,4,5,10,9,4,2,10,3,7
1233,B,2,3,3,1,2,7,8,5,6,7,6,7,1,8,5,9
457,R,9,14,9,8,7,5,8,2,6,8,4,10,8,5,7,5
1573,R,5,10,8,10,9,6,9,3,3,6,5,10,8,6,7,9
1308,R,4,9,4,6,5,6,10,8,3,7,4,9,2,7,5,11
88,B,2,0,2,1,1,7,7,7,5,8,6,7,1,8,7,8
212,B,3,8,6,6,9,9,7,4,4,6,7,7,7,10,7,6
1599,R,6,10,9,7,8,9,8,6,6,8,5,7,5,9,6,12
37,P,8,12,7,6,4,8,10,6,5,14,5,4,4,10,4,8
106,B,6,8,8,6,6,9,6,4,8,10,5,6,2,8,6,10
114,B,2,1,3,2,2,7,7,5,5,6,6,7,2,8,6,9
145,R,5,10,7,8,9,8,8,4,3,8,5,7,9,9,7,5
705,P,3,7,5,10,8,7,12,4,1,9,8,5,4,11,4,8
2137,B,4,5,4,3,4,7,7,6,6,7,6,6,2,8,6,10
824,P,3,4,5,3,2,7,10,3,4,12,4,2,1,10,2,8
401,A,1,2,2,1,1,10,3,1,1,9,2,9,1,6,1,8
708,P,4,4,4,4,2,4,14,7,1,11,7,2,1,10,4,8
1288,P,4,5,5,4,3,8,8,4,4,12,4,4,2,9,3,8
429,R,4,7,4,4,2,6,11,8,3,7,4,8,3,7,6,11
1614,B,4,6,8,5,6,6,9,5,6,9,7,8,6,9,8,7
1201,R,4,7,6,5,4,10,7,3,6,11,2,6,3,7,4,10
1507,A,5,6,7,5,5,8,8,3,5,7,9,8,5,9,4,6
1087,A,3,6,5,5,3,8,5,3,1,7,1,8,2,6,1,8
631,A,3,3,5,4,2,6,3,3,2,6,2,8,3,6,3,7
1121,B,2,7,5,5,4,9,8,4,5,9,5,6,2,8,5,8
317,R,5,10,6,8,7,6,7,5,6,6,4,9,3,6,5,8
869,R,5,11,8,8,5,10,7,3,7,11,2,6,2,7,4,10
190,P,6,6,6,9,3,3,14,8,1,11,6,3,1,10,4,8
1480,P,2,7,3,5,2,3,11,8,2,10,6,4,1,10,3,7
641,A,3,2,5,3,2,8,2,2,2,7,1,8,2,7,2,7
790,A,1,5,4,3,2,10,3,1,2,8,3,9,2,6,2,8
152,A,2,6,4,4,2,8,5,2,1,7,2,8,1,6,2,8
12,B,3,8,6,6,8,8,8,4,3,5,8,7,6,11,8,8
2015,P,4,6,6,4,4,9,5,8,5,6,5,7,3,7,4,9
1467,A,3,11,6,8,4,12,3,4,3,11,1,9,3,7,3,9
1751,P,3,4,5,6,4,8,9,3,2,7,8,6,5,10,5,5
1017,P,3,4,5,7,6,8,11,3,1,8,8,6,6,10,4,6
437,A,4,11,7,8,5,12,2,2,2,10,2,9,2,6,3,8
327,P,4,8,6,6,4,5,13,6,2,12,6,1,0,10,3,7
1772,A,4,9,6,6,2,7,4,3,1,6,1,8,3,7,2,7
129,R,4,8,7,7,8,7,8,3,4,7,4,8,7,8,5,6
1605,R,3,1,4,2,2,7,8,5,5,8,5,6,2,7,4,8
2019,P,3,4,4,3,2,5,10,4,4,10,8,4,0,10,4,7
822,A,7,10,9,8,8,7,7,8,4,7,6,9,4,7,11,1
2149,A,5,6,7,5,6,6,7,3,5,7,8,10,7,10,3,8
911,P,7,9,9,7,5,7,12,8,3,10,5,3,2,12,5,8
195,R,3,8,5,6,6,7,7,7,3,8,5,7,4,7,8,10
1924,A,3,9,6,7,3,11,2,3,3,10,2,9,1,6,3,8
771,B,7,11,10,8,7,11,7,3,8,11,3,7,3,8,5,12
562,P,7,12,6,7,4,9,7,4,5,13,3,5,4,10,6,8
1976,P,3,9,4,5,2,5,11,9,3,10,6,4,1,10,4,7
183,R,2,0,2,1,1,6,10,7,2,7,5,8,3,7,4,10
179,A,5,8,8,7,7,8,7,3,4,7,8,9,5,10,3,6
1290,R,3,7,4,4,2,5,11,8,3,7,4,9,3,7,4,11
265,B,3,7,5,5,5,7,8,6,4,7,5,6,2,8,5,7
177,B,5,11,8,8,12,8,7,5,4,7,7,7,8,10,10,9
1052,B,6,10,9,7,7,11,6,3,7,11,3,8,4,7,6,12
848,P,1,1,1,0,0,5,11,6,0,9,6,5,0,9,2,8
1380,P,5,10,7,7,4,10,8,3,5,12,4,4,2,9,4,8
473,A,5,10,7,8,4,8,2,2,3,6,2,7,5,7,5,8
790,R,2,4,3,2,2,9,7,3,4,10,4,7,2,7,3,10
365,A,2,2,4,3,2,7,2,2,1,6,2,7,1,7,3,7
823,P,6,12,6,7,4,6,11,3,5,13,6,4,3,10,5,6
1855,P,8,13,7,7,5,10,7,4,5,12,4,5,4,11,5,8
302,A,6,9,6,5,3,13,0,5,1,12,3,11,2,3,2,10
528,A,4,9,7,6,4,8,3,1,1,5,2,8,2,5,3,7
281,R,7,10,9,8,8,9,8,3,6,9,3,8,3,6,4,11
1500,B,3,7,3,6,3,6,8,9,7,7,5,8,2,8,7,9
906,A,1,1,2,1,0,7,4,2,0,6,2,8,2,7,0,8
112,A,2,3,4,3,1,10,2,3,2,10,2,10,2,6,2,8
469,A,2,9,4,6,2,6,5,3,1,6,0,8,2,7,2,8
1420,A,3,6,5,4,0,9,4,3,1,7,1,8,3,6,2,8
583,B,6,11,6,8,5,7,5,9,7,5,6,7,2,8,10,10
1634,R,6,9,6,4,4,5,8,3,5,7,4,10,4,6,6,6
1089,B,3,8,6,7,6,8,7,4,5,7,6,7,4,8,6,9
136,B,4,8,6,6,6,8,8,4,4,8,5,7,4,8,5,7
240,B,5,10,8,8,6,8,7,3,7,10,4,6,2,8,6,11
450,P,4,11,6,8,5,6,8,5,6,9,8,3,2,9,4,7
1536,A,6,9,8,8,8,7,7,2,4,7,8,10,8,7,4,8
112,A,6,10,8,8,8,7,8,8,4,6,5,9,3,7,8,5
589,B,1,1,3,3,2,8,7,5,6,7,6,5,2,8,5,10
1138,P,2,4,2,2,1,6,11,5,4,9,7,4,1,10,3,7
642,R,6,11,5,6,5,7,9,3,6,8,3,8,6,6,6,7
754,B,3,6,4,4,4,6,8,5,4,6,5,7,3,8,5,7
1762,A,3,11,5,8,4,12,2,3,3,10,2,9,2,6,3,8
829,P,0,3,3,1,1,7,8,4,3,11,5,4,2,9,2,8
233,P,3,6,2,4,2,3,13,6,1,11,6,4,0,9,3,8
1996,P,4,7,7,5,5,5,7,7,4,7,6,8,3,10,7,9
1305,B,7,10,9,8,9,7,7,5,5,7,5,7,4,8,7,8
674,P,5,5,7,8,8,9,8,3,3,5,8,7,6,11,7,5
504,P,3,6,3,4,2,5,10,9,4,9,6,5,2,9,3,8
874,B,4,7,4,5,5,6,8,8,5,7,6,7,2,8,7,9
1848,A,5,11,7,9,5,8,3,3,1,7,2,8,5,8,5,10
2006,R,4,7,5,5,4,6,8,5,6,6,5,8,3,7,5,10
358,B,2,5,3,3,3,7,7,5,5,6,6,6,2,8,6,10
1943,B,5,9,5,4,4,10,7,3,5,9,5,7,6,6,7,9
52,B,3,7,3,5,3,6,8,8,6,7,5,7,2,8,9,10
2124,R,8,14,6,8,5,8,6,5,5,9,4,9,7,5,6,11
925,B,2,7,3,5,2,6,6,9,7,6,7,7,2,8,8,10
2044,R,4,8,5,6,4,8,9,4,6,8,4,9,3,6,5,11
1084,A,3,9,4,6,3,7,4,3,1,6,2,8,2,7,3,8
1714,P,11,13,9,8,4,7,8,6,4,11,4,6,5,9,5,8
506,A,3,4,5,5,0,8,6,3,1,7,0,8,2,7,1,8
385,B,2,0,2,1,1,7,7,7,5,6,6,7,2,8,7,9
1859,P,4,4,5,6,5,9,10,2,3,7,9,5,4,10,5,5
1802,R,6,11,9,8,7,9,9,4,7,8,3,8,3,6,5,11
207,P,8,10,7,5,3,8,10,5,3,12,4,4,4,9,4,8
561,B,7,13,7,6,6,10,5,4,5,9,5,8,6,8,8,9
661,A,4,5,6,4,4,9,8,4,4,6,7,7,3,9,4,7
745,R,1,3,3,1,1,9,7,2,4,10,4,7,2,7,2,10
1542,A,6,11,6,6,4,12,3,5,2,11,3,10,6,4,4,10
1783,A,2,4,4,3,2,6,3,2,2,5,2,8,2,6,2,6
171,R,4,6,6,4,2,9,7,5,6,9,4,7,3,7,4,11
978,R,2,1,2,1,1,6,10,7,2,6,5,8,2,6,4,10
395,P,3,4,5,3,2,7,10,3,3,12,5,3,1,10,3,9
1068,B,4,10,6,7,5,11,6,3,8,10,3,8,2,8,5,12
251,R,3,6,5,4,3,10,7,2,6,10,2,7,3,7,3,10
351,P,3,5,5,4,4,6,9,5,4,9,7,4,1,10,3,7
2025,B,7,10,5,7,4,6,7,5,5,10,6,8,4,7,8,9
1988,P,6,10,8,6,4,9,9,4,6,13,4,2,1,10,4,9
1225,A,2,1,4,2,1,9,2,2,1,8,2,8,2,6,2,7
2125,R,5,11,6,7,4,6,9,10,5,6,5,8,3,8,6,11
1527,A,2,0,2,0,0,7,4,2,0,7,2,9,1,6,0,8
718,P,4,9,6,7,3,6,13,4,2,12,5,1,1,10,3,8
415,A,5,12,5,6,3,14,0,4,2,12,3,11,2,4,2,10
1407,B,4,7,6,5,5,10,6,2,5,10,4,8,3,7,5,11
242,B,4,9,4,4,3,8,7,3,4,9,6,8,5,7,6,8
460,B,8,12,6,6,4,9,6,5,5,11,4,9,7,7,7,10
621,B,4,2,4,3,4,8,7,5,6,7,6,6,5,8,6,10
1002,P,3,5,5,4,3,8,9,3,4,12,4,4,1,8,3,9
819,P,3,5,5,3,2,7,9,5,3,11,6,3,1,11,3,8
564,A,3,8,5,7,4,8,2,1,2,6,2,7,3,6,5,7
62,P,6,11,5,6,3,8,7,5,3,12,3,6,5,10,4,8
1891,A,2,2,4,2,2,8,2,1,1,6,2,8,2,6,4,7
746,R,4,8,5,6,3,5,12,7,3,6,3,9,3,7,6,11
507,P,2,3,3,2,1,7,10,3,4,13,6,4,0,8,2,9
1767,B,2,3,4,2,2,9,7,1,5,10,5,6,2,8,4,9
47,B,3,6,4,4,4,8,7,3,4,7,6,7,4,8,5,8
169,R,4,7,5,5,4,10,7,3,6,10,3,7,3,7,3,10
1582,A,2,5,4,3,2,9,2,2,1,7,2,9,2,7,3,6
332,R,2,2,4,1,2,9,7,4,5,9,4,7,2,5,4,10
1320,P,4,9,5,6,3,5,10,10,5,9,6,5,2,10,4,8
1977,P,3,5,5,3,3,7,10,6,3,11,4,3,1,10,3,8
278,B,3,9,4,6,5,8,8,6,6,7,6,5,2,8,7,9
413,R,8,12,6,7,5,6,8,5,5,9,5,10,7,5,7,11
1739,R,4,8,6,6,5,9,8,4,6,8,3,8,5,5,5,11
368,B,6,10,6,7,5,6,5,9,7,6,6,6,2,8,10,10
1766,A,4,9,7,7,4,12,3,3,2,9,2,9,2,6,2,8
1938,B,3,7,4,5,4,8,8,5,6,7,5,6,2,8,6,9
436,P,4,7,6,5,5,7,10,2,6,13,6,4,0,10,3,9
479,R,4,8,6,6,5,9,7,4,4,9,3,8,3,7,4,11
1948,B,4,11,5,7,4,6,8,9,7,7,6,7,2,8,10,10
1169,A,3,10,5,7,2,7,5,3,1,6,0,8,2,7,2,7
32,P,5,10,7,8,7,6,9,1,7,10,8,4,4,10,4,7
3,R,4,9,5,7,4,9,8,4,6,9,3,7,2,7,4,11
184,B,3,9,6,6,5,6,10,5,6,10,6,5,3,8,8,8
782,R,4,6,6,4,5,8,7,6,3,8,5,7,4,7,7,10
482,B,6,9,6,5,3,7,8,4,6,10,6,9,6,6,6,8
204,A,4,9,6,7,5,7,5,2,3,5,1,6,3,6,5,5
57,P,1,0,1,0,0,5,10,6,1,9,6,5,1,9,2,7
1080,R,1,0,2,0,1,6,9,7,2,7,5,8,2,7,4,9
298,P,10,14,9,7,6,10,8,4,4,12,4,4,5,10,5,8
767,A,3,8,5,5,2,6,5,3,1,7,1,8,2,7,2,7
2155,A,2,1,3,1,0,7,4,2,0,6,1,8,2,6,1,7
1738,P,2,3,4,1,2,7,9,3,3,11,4,4,1,9,2,8
2105,B,4,8,6,6,7,8,7,6,3,7,8,7,6,10,8,9
603,R,8,13,7,8,5,7,7,5,5,9,4,9,7,4,7,11
272,B,6,9,9,8,11,7,7,6,4,9,6,8,7,10,8,7
1322,A,0,1,2,1,1,7,4,2,1,7,1,8,2,6,1,7
428,P,7,10,6,5,4,10,7,4,3,12,4,5,4,11,5,9
1637,A,5,9,7,7,4,8,2,2,3,6,1,7,3,7,3,6
918,R,4,10,5,7,3,5,11,8,4,7,4,8,3,7,7,11
1649,R,1,0,1,0,0,6,9,7,3,7,4,8,2,6,4,10
379,P,4,9,6,5,6,7,9,3,6,8,7,4,6,10,4,7
996,P,5,9,5,7,5,4,11,9,2,10,6,4,1,10,3,8
699,B,5,11,6,7,6,9,6,3,5,7,6,7,8,8,6,9
740,B,2,3,3,2,2,8,7,3,5,10,5,7,2,8,4,9
641,A,3,7,5,4,2,7,3,3,3,6,2,8,3,6,3,8
1410,P,6,11,6,8,6,5,11,9,3,9,5,4,1,10,3,8
889,R,6,10,5,5,4,7,7,3,4,7,5,9,5,8,6,7
1851,P,2,3,4,2,2,7,9,3,5,12,5,4,0,10,2,8
807,P,4,11,5,8,3,4,12,8,2,10,6,4,1,9,4,8
2122,A,6,11,8,8,8,8,9,8,5,6,6,8,3,7,8,5
1629,A,3,3,3,2,1,10,2,4,1,10,2,8,2,6,3,7
449,A,4,10,7,8,2,5,6,3,0,5,1,7,3,7,2,7
319,R,2,4,4,3,3,8,8,4,5,10,4,7,4,6,3,9
756,R,7,9,10,8,11,7,7,4,4,7,5,8,7,8,6,6
1918,B,2,1,3,2,1,7,8,4,5,6,6,5,3,8,5,9
246,B,4,7,6,5,6,8,8,5,5,7,6,8,6,8,8,3
173,R,6,11,8,8,8,7,9,6,5,8,6,8,5,8,7,12
119,P,8,11,7,6,4,9,8,4,6,13,4,4,3,10,6,7
791,P,2,4,4,3,2,8,9,3,4,12,4,4,4,10,4,8
634,P,4,7,5,5,2,8,10,3,4,14,4,3,0,10,3,7
2078,B,4,7,6,5,7,9,6,4,4,6,6,7,7,8,6,7
988,R,5,11,5,8,6,6,8,10,5,7,6,8,3,8,5,12
1435,R,2,3,3,2,2,6,7,4,5,6,5,6,5,7,3,8
286,B,4,10,4,8,4,6,6,10,7,6,6,7,2,8,9,10
598,R,4,9,4,7,5,6,9,8,3,7,4,8,2,7,5,11
1922,P,4,6,5,9,8,6,6,5,3,7,6,6,9,13,6,10
1968,B,5,7,6,5,6,8,6,4,3,7,5,7,6,8,5,8
730,B,4,8,6,6,5,7,7,6,6,9,6,6,3,8,7,8
49,B,3,7,4,5,4,6,7,8,6,7,6,7,2,7,9,10
838,B,5,10,5,8,5,6,9,9,8,7,5,7,2,8,9,10
55,P,3,7,5,5,3,7,10,3,5,13,5,3,2,10,3,8
1916,R,3,6,5,4,3,9,8,3,6,9,3,8,3,6,4,10
778,R,4,9,5,7,4,10,7,3,7,10,2,7,3,6,2,11
1875,B,3,6,3,4,3,6,6,8,6,6,6,7,2,8,8,9
843,R,4,9,6,6,4,9,7,4,6,9,4,7,3,7,5,10
350,B,4,10,6,8,8,8,7,5,6,7,7,5,3,8,6,9
1862,B,4,10,5,7,7,8,7,6,5,8,6,6,6,9,5,10
411,B,3,4,5,3,3,8,7,3,5,9,5,7,2,8,4,8
2081,P,6,10,7,8,7,8,5,7,6,7,6,6,3,9,8,9
1917,R,4,8,6,6,5,6,8,5,6,6,5,7,3,7,5,7
255,R,5,9,6,7,6,7,7,4,6,6,5,6,4,7,5,9
763,B,4,7,6,6,7,8,6,5,4,7,6,8,6,9,7,7
867,B,6,10,10,7,9,8,8,4,6,10,5,6,5,6,7,10
318,A,3,10,5,8,4,11,3,1,2,9,2,9,3,5,4,8
612,R,3,8,4,6,4,6,10,7,4,7,4,9,2,6,5,10
1570,R,4,9,6,6,8,7,9,3,5,5,6,9,4,8,8,7
1144,A,2,4,4,2,2,11,2,1,1,9,2,9,2,7,2,9
1413,B,4,9,5,6,4,7,8,7,4,7,5,6,4,7,6,6
1239,B,1,2,3,3,2,8,7,5,5,6,6,5,2,8,7,9
821,P,3,7,5,5,2,6,11,4,5,13,5,2,0,9,3,9
1013,B,6,9,8,6,8,7,8,5,5,7,5,6,4,9,6,7
56,P,4,6,5,4,3,5,11,5,4,11,8,3,0,10,4,6
852,R,3,6,5,4,3,9,8,5,6,11,2,7,3,6,4,11
590,R,3,4,5,3,3,8,8,3,5,9,5,7,3,6,3,10
1695,B,6,11,8,8,8,8,7,5,5,7,4,7,4,8,6,8
1355,P,3,7,5,5,2,5,12,6,2,10,7,2,1,10,3,6
1127,B,3,6,5,4,3,9,8,2,6,11,4,7,4,6,5,9
393,P,5,10,7,8,7,6,9,6,5,9,7,3,2,10,4,6
334,R,5,11,7,8,7,6,9,9,6,6,5,8,2,8,7,9
734,P,12,14,10,8,4,8,9,6,5,14,2,4,5,10,5,8
1520,B,4,11,6,8,8,7,7,6,5,7,6,6,3,8,6,10
311,R,4,8,6,5,5,7,8,6,6,7,5,7,3,7,5,8
601,B,4,2,5,4,4,8,7,6,6,7,6,6,2,8,7,10
21,B,5,8,7,6,6,9,6,3,7,10,5,6,2,7,5,10
239,P,3,4,5,2,2,7,10,3,4,12,4,3,1,9,3,8
1504,B,2,5,5,3,3,9,6,3,6,10,4,7,4,7,6,9
618,R,3,6,4,4,3,8,8,5,6,7,5,6,3,6,5,8
2040,A,3,8,5,6,2,7,6,3,1,7,0,8,2,7,1,8
656,A,4,9,6,9,4,7,5,3,1,8,1,8,2,7,2,8
780,A,3,9,6,7,4,10,3,2,2,9,2,9,3,4,3,8
386,B,3,2,4,3,3,7,7,6,6,7,6,6,2,8,6,9
79,B,4,7,6,5,6,9,6,4,6,10,5,7,2,8,6,10
928,B,5,9,8,6,5,9,8,4,7,9,4,5,3,7,7,10
520,A,2,6,3,5,2,11,2,3,3,10,2,9,2,6,3,8
1511,B,2,3,3,2,2,7,7,4,5,7,6,6,2,8,5,9
381,A,3,7,5,6,3,9,3,2,2,8,2,10,3,5,2,8
503,P,3,1,4,2,2,5,10,4,4,10,8,4,1,10,3,7
1993,A,3,4,5,3,2,10,2,1,2,8,2,9,4,5,2,9
1194,R,4,3,4,6,2,5,9,9,4,7,5,7,3,8,5,10
359,P,4,7,6,10,9,8,8,4,0,8,6,6,5,12,5,7
954,P,1,0,1,0,0,5,10,7,2,9,6,5,1,9,3,8
1269,A,3,6,5,6,5,7,9,2,4,7,7,9,7,7,3,8
1309,R,9,13,9,7,6,10,6,4,5,9,2,7,6,7,6,9
48,B,7,10,9,8,8,8,7,5,7,10,6,6,3,9,7,10
604,B,6,9,8,7,8,8,8,5,5,9,5,6,4,8,7,11
1330,B,6,10,9,8,9,8,7,6,5,9,7,6,6,10,9,10
997,A,3,8,3,6,2,8,3,2,2,7,1,9,2,6,1,7
815,R,3,6,5,4,4,6,7,3,3,7,6,9,4,9,7,5
1814,A,2,3,3,1,1,11,2,3,1,9,2,9,1,6,2,8
1166,A,3,9,6,6,4,11,3,2,2,9,2,9,3,5,3,8
2163,R,4,7,6,5,4,7,8,5,7,7,4,7,3,6,5,8
1039,R,3,9,4,6,3,5,11,8,4,7,4,9,3,7,6,11
198,A,2,7,3,5,2,12,4,3,3,11,1,8,2,6,2,8
1656,R,2,1,1,2,2,6,8,4,5,6,5,7,2,6,4,9
1280,B,1,0,2,1,1,7,7,7,5,6,6,7,1,8,7,9
360,R,5,8,8,7,9,8,7,3,3,7,4,8,7,9,6,5
219,R,5,8,8,7,9,8,7,4,3,8,4,7,7,7,6,5
23,B,3,3,4,4,3,6,8,8,6,7,5,7,1,8,8,9
496,R,5,8,8,7,8,8,8,3,3,6,4,8,7,8,6,4
191,A,2,7,4,5,3,10,3,1,2,7,3,8,1,5,1,7
709,P,3,3,3,2,2,5,9,4,4,10,8,4,1,10,3,7
203,B,3,5,4,7,3,6,8,9,7,7,4,7,2,8,9,10
103,B,4,4,5,6,4,6,8,10,7,7,6,7,2,8,10,9
1826,P,3,8,4,6,3,5,10,5,5,10,8,3,1,10,4,7
245,P,3,2,3,3,2,5,11,5,4,10,6,2,1,10,4,6
1251,P,2,1,2,2,1,5,11,5,3,10,7,3,1,9,3,6
256,R,4,5,6,5,5,7,7,3,4,6,6,7,6,10,6,6
675,P,2,4,4,3,2,7,9,4,3,11,4,4,1,9,3,8
344,P,3,5,6,4,3,8,10,3,4,12,4,3,1,10,3,8
130,P,3,8,5,6,3,6,10,5,6,10,8,4,1,10,4,7
732,B,4,9,6,6,4,6,8,9,7,7,6,7,2,8,9,9
184,A,3,7,5,5,2,12,3,2,2,9,2,9,2,5,3,8
551,R,2,3,5,2,2,8,7,4,4,9,4,6,2,7,3,9
611,A,3,8,5,5,2,9,6,3,1,7,0,8,2,7,1,8
837,P,5,9,7,6,5,7,12,7,2,11,5,3,2,12,4,8
865,R,2,5,5,4,5,7,8,3,3,7,5,8,6,8,4,8
258,A,3,8,6,5,5,12,2,2,2,9,2,9,3,5,3,8
959,A,3,6,7,4,2,8,5,2,3,6,2,6,2,6,3,5
689,R,5,8,7,7,7,7,8,3,3,6,5,7,5,8,6,6
1470,R,1,0,1,0,0,6,8,6,3,7,4,7,2,7,4,10
1567,P,4,10,7,9,5,4,10,3,6,11,10,6,3,10,3,7
1904,R,6,12,6,8,4,5,12,9,3,7,4,9,2,7,6,11
170,B,2,3,3,1,1,9,7,2,5,9,5,7,1,8,4,9
606,R,4,8,5,6,5,9,7,2,5,10,3,6,3,6,4,10
1368,R,2,6,3,4,3,5,10,7,3,7,4,10,2,6,4,11
942,P,3,7,3,4,2,4,11,9,3,9,6,4,1,10,3,8
274,B,4,9,6,6,6,8,8,4,5,10,5,7,3,8,5,10
267,P,3,6,3,4,2,4,12,7,1,10,6,4,1,10,3,8
355,P,2,3,4,1,2,8,8,3,3,11,4,5,1,8,2,8
1959,R,4,6,5,4,4,6,7,5,7,7,6,6,3,7,5,8
1737,P,4,7,5,5,3,9,8,3,5,12,4,4,3,9,3,9
249,R,3,9,4,6,1,5,10,7,4,7,4,9,3,7,6,11
1777,A,4,10,7,8,4,13,2,4,4,12,1,9,3,7,4,10
836,B,3,3,3,4,3,7,8,6,4,7,6,6,2,8,6,10
1978,A,1,1,2,1,0,7,4,2,0,7,2,8,2,7,1,8
1358,A,5,8,8,6,7,7,7,2,6,7,9,11,5,11,3,7
362,A,3,5,6,4,2,10,2,2,3,8,1,9,4,6,2,9
326,R,4,5,5,7,3,5,12,8,4,7,2,9,3,7,6,11
1624,B,4,10,6,9,8,8,7,6,6,6,6,6,3,9,6,10
719,P,7,11,10,8,6,6,11,3,6,13,6,3,0,10,3,8
455,P,5,11,8,8,5,6,11,3,7,14,7,3,0,10,3,8
122,P,4,10,5,7,3,5,10,10,3,9,6,4,2,10,4,8
1925,B,2,4,3,2,2,10,7,2,6,10,4,6,2,8,4,10
453,P,6,6,9,9,8,7,9,3,2,8,8,6,9,11,6,5
1304,R,3,2,4,3,3,7,8,4,6,6,5,7,3,5,5,8
297,B,3,6,5,4,5,8,8,6,6,7,6,6,2,8,6,9
925,A,3,9,5,5,2,7,4,2,1,7,1,8,3,7,2,8
1,A,4,9,7,7,5,8,5,2,4,6,1,6,3,5,4,5
586,P,8,12,7,6,4,9,8,4,5,13,4,4,4,10,6,7
1962,B,3,7,3,5,3,6,7,7,5,7,6,7,2,8,7,10
1982,P,3,4,4,6,2,3,14,7,2,11,7,3,0,10,4,8
554,A,4,7,5,5,2,7,5,3,0,7,1,9,1,7,1,8
1364,B,1,0,1,0,0,7,7,6,4,8,6,7,2,8,5,9
1259,R,1,0,1,0,0,6,8,8,3,7,5,7,2,7,4,11
131,B,3,6,4,4,3,10,6,3,6,10,3,7,2,8,4,11
1792,R,4,11,5,8,5,6,7,9,3,7,5,7,3,8,5,11
1107,A,4,9,6,6,2,7,4,3,2,7,1,8,3,7,3,8
1050,R,3,7,4,5,2,6,12,8,4,7,2,9,3,7,5,10
117,A,6,10,6,5,4,12,3,6,2,12,2,10,5,3,3,10
1408,B,4,8,5,6,6,8,8,6,6,7,6,6,5,8,5,10
665,P,3,2,3,4,3,6,9,4,4,9,8,4,4,10,3,7
1553,P,2,4,5,3,2,6,10,2,4,12,5,3,1,10,2,8
537,A,5,9,7,7,4,8,5,3,0,6,1,8,2,7,2,8
1668,B,5,8,6,6,6,8,8,7,7,7,6,5,3,7,7,9
93,A,4,11,8,8,6,9,5,0,4,7,1,6,3,9,6,6
2142,R,2,1,2,1,1,6,9,8,2,7,5,8,2,7,5,11
937,A,3,2,5,4,2,10,2,2,2,9,2,8,1,6,3,8
272,P,8,11,7,6,4,8,9,4,4,12,4,4,4,10,5,7
1506,A,2,2,4,4,2,7,2,1,2,6,2,8,2,6,2,7
719,R,3,1,2,2,2,5,8,3,5,6,5,7,2,7,4,9
615,P,4,9,6,7,4,7,10,4,6,12,5,3,1,10,5,8
110,A,3,2,6,3,2,8,2,2,2,7,1,9,2,7,2,7
2172,A,3,11,5,8,3,12,3,2,3,10,1,9,2,6,3,8
1321,B,3,9,5,7,5,8,8,5,5,7,5,5,3,8,6,5
587,P,10,15,7,8,4,7,9,5,3,11,4,5,5,9,4,7
2099,B,3,5,5,3,3,10,7,3,6,10,5,6,2,9,6,10
1702,R,5,8,6,6,7,8,8,7,3,8,4,6,5,7,8,9
2045,R,6,11,9,8,10,8,8,7,3,8,5,6,5,8,7,11
300,P,4,8,5,5,2,4,14,8,1,11,6,3,1,10,3,8
311,P,2,3,2,2,1,6,11,5,3,10,8,2,0,9,3,6
771,A,3,8,5,5,2,7,5,3,1,6,1,8,2,7,2,6
1645,A,4,8,7,6,5,8,10,7,5,6,5,8,3,8,7,4
43,R,4,9,5,6,5,9,6,4,5,9,4,8,3,7,4,11
1205,P,4,6,6,10,8,6,13,5,0,10,8,5,4,11,4,8
2061,R,4,7,6,5,6,6,8,3,3,6,6,8,6,10,7,5
1067,R,4,7,5,5,5,7,7,4,6,6,5,7,3,7,4,8
941,B,5,7,7,6,9,8,8,5,3,7,7,7,6,11,9,10
585,B,8,11,6,6,4,9,7,6,7,10,4,8,6,6,6,10
1926,B,7,12,6,7,6,8,7,4,5,9,6,8,6,8,8,8
857,A,3,6,5,4,1,6,5,3,1,7,1,9,2,7,2,7
102,B,6,11,6,8,5,6,6,9,7,6,6,7,2,8,9,10
1439,P,2,1,3,2,1,4,10,3,5,10,8,6,0,9,3,7
345,P,5,10,7,7,4,10,7,4,6,11,3,4,2,9,3,9
983,R,7,13,7,8,5,10,5,2,5,9,4,8,6,8,6,9
1231,B,8,12,7,6,6,8,7,5,5,9,7,8,7,8,9,8
2141,B,6,10,8,7,8,8,7,4,6,10,6,6,5,7,7,9
435,R,4,7,4,6,5,8,6,6,3,8,5,7,4,7,7,10
893,P,9,11,7,6,3,8,9,6,4,12,2,5,4,10,4,8
465,A,5,9,6,7,3,11,2,3,3,10,2,9,2,6,3,8
243,P,5,8,7,6,5,9,8,2,5,13,5,5,3,9,3,9
96,R,5,11,8,8,7,9,7,3,6,10,3,7,4,5,5,11
693,B,4,10,6,8,7,8,8,4,5,10,5,5,3,8,5,10
498,P,2,5,4,3,2,6,9,3,4,13,5,3,1,9,2,8
227,B,5,8,6,6,6,10,6,2,6,10,4,7,4,7,4,10
428,R,3,8,5,6,4,10,7,3,6,11,3,7,3,7,2,10
1514,B,3,4,5,4,4,9,6,3,6,11,4,7,4,7,5,9
211,R,4,7,6,6,6,8,8,8,3,8,5,6,4,7,7,9
439,R,4,4,5,6,3,6,10,10,5,6,5,8,3,9,5,10
662,A,2,1,3,2,1,8,2,2,1,7,2,8,2,7,2,7
677,A,3,9,6,7,4,10,3,2,2,8,2,10,4,3,3,8
70,P,3,6,4,9,8,8,9,5,0,8,7,6,5,10,2,7
87,B,9,11,6,6,4,8,6,5,6,11,4,9,6,7,6,10
2110,P,4,8,6,6,4,6,9,7,6,8,7,4,2,10,4,6
296,R,6,9,9,8,10,7,6,3,4,7,5,8,8,9,6,7
1102,A,1,1,2,2,0,7,4,2,0,7,2,8,2,7,1,8
175,B,4,7,5,5,4,6,7,9,6,7,6,7,2,8,9,9
2039,B,3,6,4,4,4,9,7,3,5,11,3,7,2,8,4,10
364,B,4,8,4,7,3,6,7,9,7,7,6,7,2,8,9,10
735,B,4,9,6,6,7,9,7,4,3,6,7,7,7,10,7,6
293,R,3,5,5,4,6,8,8,4,4,8,4,7,6,7,5,4
2146,P,4,11,5,8,6,6,9,6,4,9,8,4,1,10,3,7
1014,P,9,14,9,8,6,9,7,4,5,13,4,4,5,9,7,8
717,A,3,8,5,5,1,6,6,3,0,6,0,8,2,6,1,6
902,R,3,4,4,2,2,8,8,5,5,7,5,7,3,6,4,7
743,B,4,7,4,5,3,6,7,9,7,7,6,7,2,9,8,9
866,R,9,15,9,8,7,9,7,4,7,9,2,7,6,5,7,7
529,A,4,9,6,7,6,7,8,8,4,6,6,9,3,7,8,4
972,P,3,6,5,4,3,5,11,4,5,11,8,3,1,10,4,7
312,P,4,9,4,4,3,8,9,3,3,11,5,5,4,11,5,7
909,A,1,0,2,0,0,7,4,2,0,7,2,7,1,6,1,8
1592,A,6,9,6,4,3,11,0,4,1,11,5,13,4,5,4,11
1664,A,1,3,3,2,1,7,3,2,2,7,2,8,2,6,2,7
1518,B,4,9,4,7,3,6,6,9,7,6,7,7,2,8,9,11
1588,R,4,5,4,3,3,8,7,5,6,7,5,5,5,7,5,7
60,A,3,6,5,4,2,8,4,3,0,7,1,8,3,8,1,8
704,R,8,15,6,8,5,7,5,6,5,8,6,9,6,6,8,10
241,B,3,7,4,5,5,9,6,5,4,7,7,8,6,9,7,7
647,A,2,6,4,4,1,8,5,3,1,7,0,7,2,7,2,8
1804,B,7,10,9,8,6,11,5,3,7,11,3,7,5,7,7,12
2150,B,2,5,5,3,3,8,7,2,6,10,5,7,1,8,4,10
1215,P,6,9,8,7,4,7,10,2,7,14,5,3,3,8,5,8
731,A,4,8,6,6,4,9,5,3,0,8,1,8,3,7,1,8
1887,A,5,11,8,8,4,10,2,2,3,9,1,8,4,7,4,8
544,B,3,6,3,4,3,6,8,9,6,7,6,7,2,8,8,10
337,P,5,9,6,8,6,5,10,3,7,10,9,6,4,10,4,7
286,B,3,8,5,6,6,8,7,7,6,7,6,5,2,8,7,9
755,A,3,4,5,3,2,10,2,2,1,8,2,9,4,6,2,9
781,R,4,11,5,8,3,5,8,9,4,8,6,8,3,8,6,11
514,A,3,8,5,6,3,11,3,2,2,8,2,9,2,5,3,9
76,A,2,1,3,1,0,7,4,2,0,8,2,8,2,7,1,8
555,B,5,5,5,7,4,6,9,9,7,7,5,7,2,8,9,10
1616,A,6,14,6,8,5,11,3,4,2,11,3,11,5,3,4,11
119,P,6,11,6,8,3,4,13,9,2,10,6,4,1,10,4,8
1312,P,5,8,7,6,4,9,8,3,7,13,4,5,4,10,5,11
1392,R,3,6,4,4,3,10,7,3,6,10,3,7,3,7,3,10
196,R,2,8,3,4,2,5,10,7,4,7,4,9,3,7,6,11
2121,B,4,8,6,6,5,7,8,5,6,10,6,6,3,8,7,8
472,P,3,6,6,8,7,8,9,5,0,8,7,7,5,9,5,8
910,A,1,0,2,1,0,7,4,2,0,7,2,8,2,7,0,8
350,B,3,6,4,4,3,6,6,8,6,6,6,7,2,8,9,10
1286,B,3,6,4,4,3,11,6,3,6,12,3,7,2,8,4,12
800,A,3,10,5,6,3,9,3,2,3,7,1,8,2,6,2,7
349,A,3,5,5,5,4,9,8,2,4,7,7,7,3,8,5,5
1429,B,5,10,7,7,6,9,6,4,7,9,5,7,2,8,6,10
1832,P,4,5,5,8,2,3,13,8,2,11,7,3,1,11,4,8
1452,P,2,7,3,4,2,4,12,8,3,10,6,4,1,10,3,8
967,P,4,9,5,6,2,4,14,8,1,11,6,3,1,10,5,8
1502,P,4,7,4,6,2,4,12,8,2,10,6,3,1,10,4,8
658,R,6,10,5,8,5,6,10,10,5,7,5,8,3,8,6,10
374,R,4,7,6,5,5,8,7,7,6,8,6,8,3,8,6,11
1928,B,6,10,8,6,7,7,9,7,5,7,5,5,5,8,7,6
383,B,9,14,7,8,4,9,6,6,6,11,3,9,6,7,7,10
2140,P,4,6,5,4,4,7,9,3,6,8,8,4,1,10,4,7
333,R,4,5,5,3,4,7,7,5,6,7,5,6,5,7,4,8
1301,A,3,8,5,6,2,11,2,4,3,11,2,10,2,6,3,8
739,P,4,6,4,8,2,3,13,8,2,11,8,3,1,10,4,8
489,P,5,8,7,6,5,8,9,5,4,11,4,4,2,10,3,8
1157,P,5,10,6,7,6,7,7,8,4,7,5,7,3,9,8,9
46,R,3,3,4,4,2,5,11,6,3,7,5,8,3,7,6,11
1263,R,2,2,3,3,2,7,8,4,4,7,5,7,2,7,5,8
519,B,1,3,3,2,2,8,6,2,5,10,5,7,2,8,3,9
1796,A,2,5,4,4,2,11,3,3,3,11,2,9,2,6,2,8
927,P,6,9,6,6,3,5,10,10,5,8,5,5,2,10,4,8
940,B,3,7,4,5,4,7,7,8,5,7,6,7,1,8,7,9
441,B,4,2,5,4,4,8,7,5,6,6,6,5,2,8,7,10
273,R,1,0,2,1,1,6,10,8,2,7,4,8,2,7,4,10
1406,P,4,1,3,2,2,5,10,4,4,10,8,4,0,9,4,7
1124,A,7,14,7,8,6,10,3,5,2,10,5,12,7,1,5,11
609,B,3,2,3,3,3,7,7,5,5,6,6,6,2,8,6,9
1081,P,3,4,3,5,2,3,14,8,2,12,7,3,0,10,4,8
2133,P,5,9,6,7,6,7,5,7,4,7,6,8,3,8,7,10
83,A,1,3,2,2,1,10,2,4,1,9,3,9,2,6,1,7
594,R,3,8,3,6,3,6,10,7,4,6,3,10,2,6,5,11
432,R,4,9,7,6,6,7,7,4,6,7,5,7,3,7,5,8
565,A,2,7,2,5,3,7,4,2,0,7,3,8,1,6,1,8
1361,A,5,8,6,7,6,8,9,7,4,6,6,8,2,7,7,5
294,B,4,8,5,6,4,5,6,9,7,7,6,7,2,8,9,9
1725,P,7,11,9,8,5,6,11,4,6,14,6,2,0,10,3,9
900,A,3,7,5,5,3,7,3,2,2,5,2,8,2,6,2,6
662,A,4,9,6,8,6,9,7,4,6,6,9,5,5,11,4,4
542,P,6,10,5,5,3,6,10,6,2,11,5,5,4,10,4,8
359,A,3,4,6,6,2,7,6,3,0,7,0,8,2,7,1,8
1409,B,3,4,5,6,3,6,6,9,7,6,7,7,2,8,10,10
633,P,6,7,8,9,10,9,9,3,3,6,9,6,6,10,7,4
1187,A,4,9,6,6,4,10,2,1,2,8,3,9,5,5,3,7
425,R,3,8,3,6,2,6,10,9,4,7,4,8,3,7,5,11
2145,P,3,5,5,4,3,8,8,3,4,12,4,4,3,8,4,8
426,B,5,7,7,5,5,8,8,4,6,10,5,6,3,8,6,10
439,P,6,11,9,8,7,9,10,4,4,12,5,3,1,10,4,8
1137,B,10,13,7,8,5,10,5,5,6,11,3,9,6,7,7,11
5,R,1,1,2,1,1,6,9,7,3,7,5,8,2,7,4,11
1246,B,5,9,8,7,6,7,7,5,6,9,5,6,3,9,7,10
356,A,3,6,4,4,2,10,2,2,3,8,2,8,2,6,2,8
998,A,3,5,5,4,3,6,3,2,2,5,2,7,3,4,3,8
576,B,8,10,7,7,7,7,9,4,5,9,6,7,7,6,7,6
162,R,2,3,4,2,2,9,7,2,5,10,3,6,2,7,2,10
1969,A,3,5,5,3,2,8,2,2,2,8,2,8,2,6,3,7
1803,R,4,6,4,8,3,5,12,9,4,7,2,9,3,7,6,11
728,B,2,3,4,2,2,8,7,3,5,10,5,6,3,8,4,10
780,A,2,4,3,3,0,10,2,2,1,8,2,9,1,6,1,8
1191,R,4,9,5,6,3,6,10,9,4,7,4,8,3,8,5,10
1660,R,5,7,7,5,4,9,8,4,6,9,4,7,3,7,5,11
262,P,2,4,2,3,2,5,11,4,4,10,9,3,0,10,3,6
1175,P,5,6,6,4,4,9,7,3,5,10,4,5,2,9,4,9
685,B,7,11,9,7,7,9,6,5,7,9,5,6,2,9,7,10
391,B,5,11,5,8,5,7,9,10,7,8,5,6,2,8,10,11
251,P,3,2,4,4,3,6,9,4,5,9,7,4,4,10,3,8
396,P,9,14,7,8,4,7,10,6,4,13,4,4,5,10,4,8
964,R,10,11,7,6,4,8,7,5,5,10,3,8,6,6,6,11
28,R,5,11,9,8,7,8,8,5,7,8,3,9,4,5,5,12
1357,B,5,8,7,6,6,10,6,3,6,10,4,7,1,9,5,10
278,P,6,11,8,8,5,5,11,7,4,11,7,2,1,10,4,6
463,A,4,11,7,8,2,8,5,4,1,6,1,8,3,7,2,7
751,P,2,4,3,2,2,6,10,4,4,9,8,5,3,10,3,7
778,R,3,8,5,6,4,6,8,5,6,6,5,7,2,7,5,8
1787,R,5,11,7,8,6,8,8,5,6,9,4,8,3,7,5,11
892,P,6,12,6,7,3,4,14,7,1,11,6,3,1,10,4,8
447,R,9,10,7,6,4,7,8,5,5,9,4,9,7,5,6,10
457,R,3,2,4,3,3,6,7,4,6,6,5,7,3,7,5,8
68,A,2,7,3,5,2,7,4,2,2,7,1,8,2,6,1,8
2093,P,2,7,4,5,2,5,11,3,6,11,9,5,0,9,3,6
376,P,8,13,7,8,5,7,9,4,4,12,5,4,4,10,7,5
632,R,4,11,6,8,6,8,8,4,6,9,4,8,3,6,5,11
981,R,4,5,6,4,4,7,8,5,4,8,5,8,3,6,4,11
796,B,4,10,5,7,5,8,7,6,7,6,6,7,2,8,7,10
1760,A,1,0,2,0,1,8,3,2,0,7,2,9,2,6,2,8
1185,A,2,4,4,3,1,11,2,3,1,9,2,10,2,6,2,9
1640,B,1,1,2,2,1,7,7,7,5,6,6,7,2,8,7,8
2033,R,4,6,5,4,4,8,9,5,6,8,5,8,3,7,5,11
1560,A,2,4,4,4,2,7,2,2,2,6,2,8,2,7,2,7
370,B,8,14,6,8,5,7,8,5,6,10,6,8,6,6,8,11
92,B,6,15,7,8,8,6,7,3,6,9,6,7,8,5,8,6
44,R,5,10,6,7,6,6,9,8,4,7,5,8,2,7,5,11
754,B,5,8,7,6,5,9,8,2,8,10,4,5,2,8,6,10
253,A,4,8,6,6,3,13,3,4,3,11,1,9,2,6,2,9
1708,P,4,6,6,9,9,8,6,5,1,6,6,7,8,8,6,7
1445,P,2,3,4,2,2,7,9,5,3,10,4,3,1,9,3,8
787,R,3,5,5,4,5,7,8,3,3,7,5,7,6,8,5,7
280,A,2,5,4,4,2,10,2,2,2,9,2,9,2,6,2,8
495,R,3,6,5,4,3,10,7,3,5,11,2,6,3,7,2,10
69,B,5,11,8,8,11,8,7,5,3,6,7,8,7,10,9,9
1501,B,2,4,3,3,2,8,7,3,5,9,6,7,2,8,4,9
666,B,4,9,5,7,4,6,9,9,7,7,5,7,2,8,9,10
630,B,8,11,9,8,9,9,7,4,6,9,5,6,3,8,6,9
1356,B,8,12,7,6,6,7,8,3,6,9,5,7,8,4,8,8
808,A,3,7,6,5,3,11,2,3,3,11,2,10,2,6,2,8
1401,A,2,9,4,6,3,11,2,1,2,9,3,9,2,6,2,8
1621,R,2,1,2,2,3,7,8,5,5,6,4,8,2,7,4,8
1359,P,4,5,5,4,3,5,10,4,5,10,8,3,1,10,3,7
352,P,7,8,9,10,11,8,11,2,4,7,9,6,6,9,7,5
1653,A,3,9,6,6,1,6,4,3,1,6,1,9,2,6,2,7
1254,P,7,10,10,8,7,7,10,4,4,13,5,3,0,10,3,8
1838,B,4,9,6,6,7,9,7,4,4,7,7,8,8,9,8,7
407,A,4,11,7,9,5,12,3,3,3,10,1,9,3,7,4,9
1020,R,5,8,8,6,8,9,7,4,4,9,5,6,8,10,7,5
95,P,3,7,5,5,3,6,12,4,5,13,5,2,0,9,3,8
66,P,2,4,4,3,2,7,9,3,3,12,5,4,1,9,3,8
1647,A,6,9,5,4,2,11,3,3,1,9,4,11,4,5,4,9
461,R,2,4,4,2,2,8,8,3,5,10,4,7,2,6,3,10
1459,B,1,0,1,1,1,7,7,7,4,7,6,6,1,8,6,9
767,B,3,1,3,2,2,7,7,5,4,6,6,6,2,9,6,9
308,B,1,0,1,0,1,7,8,6,4,7,6,7,1,8,6,9
721,B,5,10,7,7,7,11,6,2,6,10,2,7,4,7,6,11
1543,A,4,7,7,5,5,7,6,2,4,6,1,6,3,5,3,7
257,P,7,8,5,4,3,5,12,6,1,11,5,4,4,10,4,8
1454,R,4,11,6,8,8,7,7,3,4,7,6,7,7,9,8,6
814,B,3,4,4,3,3,9,7,2,6,10,4,7,4,7,5,9
930,A,4,9,6,7,4,7,5,3,0,6,1,8,2,7,0,7
1867,B,3,6,5,4,4,7,8,5,5,9,6,6,3,7,7,8
84,B,4,9,5,8,5,8,6,7,7,6,6,6,2,8,7,9
2028,R,9,13,7,8,5,8,6,5,5,9,5,9,5,6,7,12
1700,R,4,4,4,6,3,5,11,8,3,7,4,8,3,7,6,11
309,R,3,4,4,6,3,5,11,7,4,6,2,9,3,6,6,11
34,B,4,8,4,6,4,5,9,9,7,7,5,7,2,8,9,10
435,B,8,11,5,6,4,10,6,6,6,11,4,9,6,6,6,10
2060,B,5,11,8,8,11,9,7,4,4,6,7,7,8,8,8,7
238,P,3,7,4,5,3,5,11,5,4,11,8,4,1,10,3,7
806,A,7,15,5,8,4,10,3,3,3,8,4,11,5,5,4,8
970,A,3,5,4,5,4,9,8,2,4,7,7,8,5,9,4,6
1589,B,2,5,4,3,3,9,7,2,5,11,5,6,2,8,4,9
657,R,5,10,7,8,7,6,8,5,6,6,5,8,3,6,5,8
2072,A,2,4,3,3,1,11,3,3,2,10,2,9,2,7,2,9
218,P,3,5,5,3,2,6,11,4,3,12,6,2,1,10,2,8
1484,B,3,7,4,5,4,6,6,8,6,6,7,6,2,9,7,10
1986,A,2,7,5,5,3,11,2,2,2,8,4,9,3,5,3,8
640,A,7,14,6,8,4,12,2,3,2,12,4,11,4,4,4,10
738,R,4,4,6,3,4,9,7,4,5,11,3,6,2,7,3,9
758,R,7,10,10,8,10,8,8,4,4,8,4,7,8,6,7,6
679,A,4,6,6,6,5,8,8,2,4,7,7,9,5,8,3,7
658,B,4,8,6,5,5,11,6,3,7,10,3,7,2,8,5,11
1161,A,1,0,3,1,0,7,4,2,0,7,2,8,2,5,1,9
1354,A,4,11,8,8,3,9,3,4,3,7,2,9,3,7,3,9
45,A,2,3,3,2,1,10,2,2,1,9,2,9,1,6,1,8
922,B,5,9,4,7,6,6,8,8,5,7,5,7,2,7,7,9
1070,B,3,5,4,3,3,7,7,5,5,6,6,6,2,8,6,10
523,R,5,8,7,6,6,9,7,4,5,10,4,6,3,7,4,10
300,A,7,12,9,8,9,7,6,8,4,7,5,8,5,8,11,2
502,R,4,8,6,6,4,10,8,3,7,10,0,7,3,6,4,10
908,R,3,8,5,6,5,6,8,6,6,6,4,8,4,7,5,8
344,R,2,3,2,2,2,6,7,4,5,6,6,7,2,7,3,9
143,P,6,6,7,8,9,7,10,3,3,8,8,6,6,11,6,5
569,B,2,6,3,4,4,6,6,7,5,6,6,7,2,9,6,10
348,R,3,6,4,4,3,6,8,8,4,6,5,7,2,7,5,11
1174,A,3,9,5,6,2,9,6,3,1,8,0,8,2,6,1,8
1869,A,3,6,3,4,3,8,2,2,2,7,2,8,2,5,2,7
56,R,2,4,4,3,2,8,7,3,5,9,5,7,1,7,4,10
863,R,2,3,3,2,2,6,8,4,5,8,5,8,2,6,4,9
168,R,2,6,4,4,3,6,7,5,5,5,6,7,3,8,5,9
1109,P,3,8,6,11,10,9,6,6,2,7,6,7,7,9,8,12
1585,R,5,5,6,8,4,5,10,9,3,7,5,8,3,8,6,11
833,R,3,7,5,5,3,6,10,8,4,6,4,8,2,8,5,11
1786,P,7,11,9,8,6,7,9,2,6,14,6,5,3,10,4,9
223,R,8,12,6,6,4,11,5,4,5,11,2,8,6,6,6,10
1318,A,3,9,5,7,3,11,3,1,2,9,2,9,3,5,3,8
423,A,3,8,5,6,5,8,7,6,4,7,6,9,5,7,7,4
78,B,2,2,4,2,2,8,6,3,5,10,5,6,2,8,4,9
1333,P,2,4,3,2,1,5,11,4,4,10,8,3,1,9,2,6
1748,A,2,3,4,2,2,9,1,2,1,8,2,10,2,6,2,7
664,B,5,10,5,7,7,6,6,8,5,7,6,7,2,8,6,10
279,R,2,1,2,1,1,6,10,8,2,7,5,8,2,7,5,10
1876,P,5,10,7,7,6,7,10,6,5,10,9,3,1,10,4,7
913,B,7,14,5,8,4,7,7,4,5,10,6,9,5,7,7,9
604,R,2,1,3,2,1,6,9,8,3,7,5,8,2,8,5,10
2175,P,1,1,1,1,1,5,11,7,2,10,6,4,1,9,3,8
433,P,4,7,5,4,3,6,11,8,2,10,5,2,1,10,4,7
16,A,3,7,4,5,2,12,3,4,3,10,3,10,2,6,3,9
1245,B,2,0,2,1,0,7,6,7,5,7,6,7,1,8,7,8
1499,R,3,5,5,4,3,9,7,4,5,10,5,5,3,7,4,10
192,A,4,8,6,7,6,7,8,2,4,7,8,8,5,8,5,6
1633,A,3,6,6,4,1,6,0,2,2,6,2,7,4,6,4,7
291,P,5,7,6,9,8,7,8,4,3,7,7,8,7,12,6,7
750,P,5,11,7,8,5,5,12,4,5,11,8,2,1,10,5,5
1099,R,3,7,3,4,2,5,10,8,4,7,3,9,3,7,5,11
1299,P,4,8,5,6,2,4,15,8,1,12,6,2,0,9,4,8
197,A,2,4,3,4,1,11,3,2,2,9,2,9,1,6,2,8
597,R,2,2,3,2,1,8,8,3,4,9,5,7,2,7,3,9
1761,P,2,2,4,4,2,4,10,4,4,10,8,4,1,10,3,6
193,R,5,11,5,8,6,6,9,9,5,6,5,7,3,8,5,11
518,B,2,3,4,2,2,8,7,3,5,10,5,7,2,8,3,9
788,R,4,6,6,6,6,6,8,4,3,6,5,9,7,6,7,8
501,B,5,9,8,8,10,7,7,5,4,7,5,8,7,10,9,5
1972,R,2,4,3,2,3,9,7,3,4,10,4,7,2,7,3,10
1541,R,1,1,3,2,2,7,7,5,5,7,5,6,5,7,3,8
24,B,1,1,2,1,1,7,7,7,5,7,6,7,1,8,6,8
1682,R,4,7,6,5,4,9,8,3,6,10,3,6,3,6,4,10
60,P,3,2,4,3,2,5,10,4,5,10,8,3,1,10,4,7
179,A,4,7,5,5,5,7,6,8,4,7,5,8,4,8,10,2
995,P,4,8,6,6,5,6,9,7,4,9,7,4,2,10,2,7
583,A,4,12,6,8,5,7,4,2,1,8,1,8,2,7,2,7
63,R,4,9,6,7,6,6,7,6,6,7,6,6,3,7,5,9
930,P,2,1,2,2,1,5,9,3,4,9,8,4,1,9,3,6
1718,P,4,8,3,7,4,4,13,7,1,11,7,3,1,10,3,8
862,P,5,9,5,6,3,4,12,9,2,10,6,4,1,10,4,8
63,A,3,8,5,5,2,6,4,3,1,6,1,8,2,7,2,7
73,R,4,11,5,8,3,6,9,11,5,7,5,9,2,8,5,10
714,A,2,6,4,4,2,11,3,3,2,10,1,9,2,6,2,8
715,A,6,10,7,7,7,8,8,6,5,6,5,8,5,7,7,6
61,P,6,9,8,7,6,5,14,6,2,12,6,2,1,10,3,7
1822,A,3,8,5,6,2,6,4,3,0,6,2,7,2,7,2,6
1460,B,4,9,6,6,6,8,7,5,6,9,6,6,3,9,7,8
682,B,2,6,4,4,3,8,8,5,7,7,6,6,2,8,6,9
330,B,4,6,5,4,4,9,7,3,6,8,5,6,2,7,5,7
320,P,3,7,3,5,2,3,14,7,2,12,7,3,0,10,4,8
186,B,3,9,4,7,4,6,6,8,7,6,7,7,2,8,9,10
1122,B,5,5,4,7,4,6,7,10,7,7,6,7,2,9,8,8
229,R,2,9,4,7,4,6,9,8,3,7,5,8,2,7,5,11
649,B,3,3,4,3,3,7,7,4,6,6,6,6,5,8,6,10
592,P,3,2,4,2,2,5,10,4,4,10,8,3,1,10,3,6
65,R,4,3,5,6,3,6,10,9,2,7,5,7,3,8,6,11
1372,B,1,3,4,2,2,8,8,3,5,10,4,6,3,6,5,8
1666,A,4,10,6,8,4,13,2,4,3,11,1,10,3,7,4,10
1098,P,4,7,5,5,3,5,13,5,4,13,6,2,1,8,2,7
405,R,3,7,4,5,4,8,8,7,2,7,5,6,4,6,8,8
620,R,2,3,2,5,2,6,9,9,4,7,5,7,2,8,5,10
341,R,5,11,6,8,4,6,9,10,5,7,5,7,3,8,6,10
1141,P,3,9,5,6,4,6,9,3,6,10,9,4,4,11,4,7
1519,P,3,8,3,6,3,3,12,6,1,11,7,4,1,10,3,8
369,B,5,11,6,8,8,8,7,4,6,7,6,6,6,8,6,10
26,B,4,5,4,7,4,6,8,10,6,7,5,7,2,8,9,10
450,P,4,5,4,8,2,3,12,10,2,10,6,3,1,10,3,8
542,P,5,5,5,7,6,8,9,3,2,7,8,6,5,11,5,4
1912,R,4,11,6,8,6,6,7,6,6,6,5,8,3,6,6,9
849,B,4,9,5,6,5,7,6,5,4,6,5,7,4,10,6,7
1580,A,1,4,2,1,1,9,4,1,2,8,3,9,1,6,2,8
1064,P,5,7,5,6,3,6,14,5,3,12,5,1,0,10,3,7
79,P,3,9,4,7,4,4,12,7,2,10,6,4,1,10,3,8
1387,B,5,10,7,8,7,7,7,8,6,6,6,6,2,8,8,9
874,R,5,9,8,6,7,6,6,3,4,7,5,8,7,10,7,6
1199,A,4,10,7,8,5,12,2,2,3,9,2,9,2,7,2,8
324,B,2,1,2,1,2,7,7,7,5,6,5,7,1,8,7,11
840,P,3,5,5,3,2,8,9,3,4,12,4,3,1,10,3,8
2113,P,3,7,4,4,2,4,13,8,1,11,6,3,2,10,4,8
1024,P,3,4,3,5,2,4,11,8,3,10,5,4,1,9,3,8
643,P,3,10,6,7,4,5,9,7,5,9,7,3,2,10,4,7
1820,B,3,6,5,4,4,8,6,6,6,7,6,5,2,8,7,10
1343,P,4,10,4,7,4,4,11,8,2,9,6,4,1,10,3,8
979,P,2,3,2,2,1,4,11,3,4,10,8,4,0,9,3,5
527,P,5,9,8,7,4,7,9,6,5,11,5,4,2,10,4,8
2126,B,3,6,5,4,4,7,9,5,5,9,6,6,2,8,5,6
1353,R,4,4,5,6,3,4,13,8,4,8,3,9,3,7,7,11
93,P,4,6,4,4,2,7,9,4,4,12,5,3,1,10,3,8
1436,P,4,6,4,8,2,5,9,11,5,8,6,5,2,10,4,7
567,A,3,7,5,5,3,12,1,3,2,10,2,9,2,6,3,9
220,B,2,2,3,3,1,7,7,5,5,5,6,6,2,8,6,10
375,B,1,0,1,0,0,7,7,6,4,7,6,8,1,8,5,9
1534,B,5,8,7,6,7,7,7,5,4,7,5,7,4,9,6,7
535,A,1,3,2,1,1,7,2,2,1,7,2,8,1,6,1,7
85,A,3,11,6,7,4,11,3,1,2,9,2,9,3,7,3,9
1106,A,4,8,6,7,6,10,8,2,4,6,7,7,5,8,5,5
279,A,2,7,4,5,3,11,3,2,2,9,2,9,1,6,2,8
212,P,1,1,2,1,1,5,11,8,2,9,5,4,1,9,3,8
1985,B,6,9,8,6,6,11,5,2,7,11,3,7,4,7,5,11
1669,A,3,7,5,5,2,7,5,3,0,6,1,8,2,7,2,7
1532,P,6,10,9,7,5,7,12,7,3,12,4,2,2,11,4,8
1316,B,3,5,5,4,5,8,7,4,4,7,7,8,6,9,8,6
2003,P,4,9,4,6,5,6,9,7,4,9,7,4,2,10,4,7
1227,P,2,3,4,3,2,8,8,3,5,11,4,4,1,10,2,8
531,R,5,8,4,5,3,5,11,9,3,7,3,8,3,7,6,11
1339,P,6,10,6,6,4,7,9,5,2,11,5,4,4,10,5,7
887,A,1,0,2,0,0,7,4,2,0,7,2,8,2,7,1,8
267,P,6,9,8,6,7,6,8,7,4,8,7,9,1,9,7,9
1845,B,2,5,4,4,3,7,7,3,5,10,6,6,2,8,5,8
712,B,6,10,9,8,12,8,8,5,3,7,7,7,8,11,12,9
1642,A,3,9,5,6,3,12,2,4,2,11,2,9,3,7,3,9
436,B,3,2,4,3,4,7,7,5,5,7,6,6,1,8,6,9
1464,A,2,4,5,3,2,10,2,3,1,9,2,9,2,6,2,8
1632,A,1,0,2,1,0,8,3,2,0,7,1,8,2,7,1,9
631,R,6,10,8,8,9,9,7,4,4,8,4,6,8,10,7,4
935,R,3,8,4,5,2,6,10,9,4,7,4,8,3,6,5,11
1360,R,3,6,5,4,5,7,8,3,4,6,6,9,6,8,7,5
628,B,5,10,5,5,5,7,8,3,5,9,6,7,5,5,7,8
792,A,4,9,7,8,5,6,3,1,2,5,3,8,4,5,4,6
2065,A,4,9,5,7,4,7,5,3,0,7,1,8,2,7,2,8
692,A,4,11,6,8,4,7,5,3,0,6,1,8,2,7,1,8
609,P,7,13,6,5,4,9,9,4,4,12,5,4,4,10,6,6
2101,B,3,5,5,4,4,9,6,3,6,10,5,7,2,8,6,10
777,R,4,7,6,6,5,6,8,5,6,7,5,7,6,7,5,7
655,A,3,9,5,7,4,9,2,2,2,7,2,8,3,6,3,6
933,A,2,2,4,3,2,8,3,2,2,9,2,9,2,6,3,7
671,A,3,11,7,7,6,10,5,2,5,10,2,5,4,6,6,8
1828,A,3,10,5,7,2,6,6,3,1,6,0,8,1,6,1,7
163,P,3,7,3,4,2,3,13,7,2,11,6,3,1,10,3,8
548,P,4,9,6,6,4,5,10,6,5,9,8,3,1,10,4,6
451,B,3,5,5,3,4,9,7,3,5,10,5,5,2,8,6,10
236,P,4,9,6,7,6,8,9,3,4,12,5,4,2,9,3,8
724,B,4,8,5,6,5,7,7,6,4,6,5,6,3,8,6,6
127,B,5,7,7,5,7,8,6,5,4,7,6,8,7,9,8,4
731,P,5,9,7,8,6,8,10,7,4,10,4,3,2,11,4,8
2135,R,2,4,3,2,2,7,9,4,5,6,5,7,3,6,5,8
1028,P,5,10,5,5,3,9,8,3,5,13,4,4,4,9,6,7
1473,P,5,8,7,6,5,8,10,5,4,11,4,3,1,10,3,8
1295,P,1,3,3,0,1,6,9,5,3,11,5,4,1,9,2,8
697,R,4,9,5,6,4,9,8,6,6,8,5,7,3,8,5,10
721,A,4,11,5,8,2,7,6,3,1,7,0,9,3,7,1,8
1495,A,3,9,5,7,3,9,3,2,2,8,1,7,2,6,3,7
2079,A,4,10,6,7,3,7,6,3,0,7,0,8,3,6,2,7
166,B,3,8,5,6,4,9,6,4,7,10,5,6,2,8,6,9
933,A,2,1,4,2,1,8,2,2,0,7,2,8,2,6,3,6
467,B,3,7,6,6,7,8,6,5,5,7,6,8,8,10,7,6
1932,A,4,11,7,8,6,9,3,1,2,8,3,9,4,5,3,7
1879,B,5,12,7,8,8,7,8,6,4,6,4,5,5,7,7,7
454,A,5,11,9,8,7,10,5,2,5,9,1,5,3,7,4,8
1038,A,3,9,6,7,5,7,5,2,3,5,2,6,4,5,5,5
483,R,4,7,5,5,4,11,7,1,4,11,4,7,3,7,4,11
1594,P,2,4,4,3,2,7,9,4,3,11,4,4,1,10,2,8
2086,P,2,6,2,4,1,4,13,8,2,11,6,3,1,10,3,8
1678,P,5,5,6,7,8,7,6,4,3,6,7,7,6,9,4,5
1581,B,1,0,2,1,1,7,8,7,5,8,6,7,1,8,6,8
538,B,2,7,4,5,3,6,7,6,5,6,5,7,2,8,7,9
723,A,5,7,8,6,6,9,7,3,5,6,8,6,4,10,4,5
1697,P,3,6,3,5,2,4,12,7,1,10,6,3,1,10,3,8
880,P,4,9,6,6,4,9,9,2,6,14,5,4,1,10,3,10
2173,R,3,7,4,5,4,6,8,8,3,7,5,7,2,7,4,11
982,P,3,7,4,5,3,4,12,6,4,12,9,3,0,10,3,6
1853,A,5,8,8,7,7,7,8,2,4,7,8,9,8,6,4,7
1974,B,3,6,5,4,3,10,6,4,6,10,5,7,2,8,5,10
471,R,4,7,5,5,5,7,8,5,8,7,4,6,6,7,5,8
336,P,2,3,3,1,1,8,9,4,3,12,4,4,1,9,2,9
905,B,3,1,3,3,3,7,7,6,5,7,6,6,2,9,6,9
2112,P,8,10,7,5,3,6,12,6,4,12,5,3,4,10,4,8
35,P,6,11,9,8,5,6,12,4,4,12,5,2,1,10,4,9
2134,A,2,6,4,4,1,7,5,4,1,6,0,7,2,7,1,7
1323,B,4,3,4,5,3,6,9,8,7,7,5,6,2,8,8,10
1779,B,6,10,8,7,6,10,8,3,7,11,3,6,3,8,5,11
741,R,2,1,3,1,1,7,7,4,5,6,5,7,2,6,4,8
911,P,4,7,3,4,2,4,12,8,2,10,6,4,1,10,4,8
219,B,6,9,9,7,6,11,5,3,8,11,3,7,3,8,6,12
1954,R,5,11,7,8,5,8,9,5,7,9,5,8,3,7,6,11
1450,R,7,13,7,7,5,9,7,4,5,10,2,7,6,7,6,8
1317,R,13,15,10,8,6,8,7,5,6,10,3,8,7,6,6,11
497,R,3,6,4,4,4,6,7,5,5,7,6,6,3,7,4,9
2000,R,4,7,4,4,2,5,10,8,3,7,4,8,3,7,6,10
249,R,4,2,4,4,4,7,9,4,6,7,5,7,3,7,4,8
1449,B,5,8,7,6,7,8,7,6,6,9,6,6,5,10,7,10
72,B,2,3,3,2,2,8,7,3,5,11,5,8,2,8,2,9
923,R,2,3,3,1,2,8,8,4,5,10,5,7,2,7,4,10
315,P,8,15,8,9,5,8,9,4,4,12,5,3,5,10,7,6
315,P,4,7,6,5,3,7,12,4,5,14,5,1,0,10,3,8
1989,A,3,8,5,6,3,12,3,3,2,11,1,9,2,5,2,9
1287,R,3,8,4,6,2,5,11,8,4,7,3,9,3,6,5,11
541,B,4,7,6,6,4,9,6,3,7,10,4,8,3,8,5,11
611,B,6,11,8,8,7,8,7,7,7,7,5,6,2,8,8,10
268,A,5,9,8,6,6,9,5,2,5,8,1,6,3,7,4,7
29,B,2,5,4,3,3,9,7,3,6,10,5,6,2,8,5,9
1266,P,4,8,6,6,4,5,12,6,4,11,8,2,0,10,4,7
113,R,2,3,2,2,2,6,8,4,5,7,5,7,2,7,3,8
53,P,6,12,5,7,4,6,11,5,2,11,6,4,3,12,5,5
